"codigo";"descricao";"cod_pai";"cod_filhos"
"1";"Magistrado";"";"3,193,11009,7,11,25,56,63,83,108,113,117,122,133,138,146,151,157,160,163,172,190,206,207,378,817,888,961,968,1008,1013,12067,12092,12093,12141,12144,12163,12164,12185,12206,12208,12210,12299,12300,12307,12318,12320,12332,12359,12387,12425,12432,12444,12455,12477,12647,12736,12765,12768,12769,266,821,12140,12473,269,941,1003,12150,12151,263,264,265,268,270,271,272,275,276,277,278,279,898,947,960,971,11792,11975,12098,12099,12100,12259,352,353,354,355,905,823,824,11393,357,358,12147,335,371,940,373,374,399,400,402,404,788,12036,381,383,128,347,348,349,945,1004,1016,11002,11426,12145,12479,12734,12737,388,389,390,391,392,393,1060,12035,12261,12262,394,1059,799,803,804,429,430,431,12094,12096,12428,12429,12431,12445,12446,12454,432,433,434,12095,12097,12427,12456,175,377,944,11011,12033,12467,12476,12733,332,339,787,818,819,988,990,1002,1017,10963,11395,11415,11423,11554,12148,12149,12308,12180,12181,12182,12183,889,892,11424,334,785,792,11425,12034,12146,1009,1010,1011,1018,1019,12188,12447,1014,1015,1063,10962,11382,12037,12038,12039,12040,12255,12421,12422,12430,12448,12457,12472,12474,12646,12648,12207,12213,12209,12211,12301,12302,12303,12304,12305,12306,12478,12766,12767,218,385,228,230,235,236,244,456,853,10953,10961,11373,11394,11396,12184,12319,12458,12459,12709,472,473,454,457,458,459,460,461,462,463,464,465,11374,11375,11376,11377,11378,11379,11380,11381,12256,12298,12325,12617,12710,12711,12712,12713,12714,12715,12716,12717,12718,12719,12720,12721,12722,12723,12724,196,198,200,202,208,210,212,214,219,220,221,237,238,239,240,241,242,455,466,471,871,884,900,901,972,973,10964,11401,11402,11403,11404,11405,11406,11407,11408,11409,11795,11796,11876,11877,12187,12252,12253,12254,12257,12258,12321,12326,12329,12330,12331,12433,12450,12615,12649,12650,12651,12652,12653,12654,12660,12661,12662,12663,12664,12665,12678,12738,442,443,444,445,10965,12032,12041,12475,446,447,448,449,450,451,452,453,1042,1043,1044,1045,1046,1047,1048,1049,1050,11411,11801,11878,11879,12028,12616,12735,12322,12323,12324,12327,12328,12434,12435,12436,12437,12438,12439,12440,12441,12442,12443,12451,12452,12453,12666,12667,12668,12669,12670,12672,12673,12674,12675,12676,12677,12792,12671,12679,12680,12681,12682,12683,12684,12685,12686,12687,12688,12689,12690,12691,12692,12693,12694,12695,12696,12697,12698,12699,12700,12701,12702,12703,12704,12705,12706,12707,12708,11010,11019,11020,11021,11023,11025,12068,12310,12548,12449,11022,11024,11012,11013,11014,11015,11016,11017,11018,12311,12312,12313,12314"
"3";"Decisão";"1.0";"7,11,25,56,63,83,108,113,117,122,133,138,146,151,157,160,163,172,190,206,207,378,817,888,961,968,1008,1013,12067,12092,12093,12141,12144,12163,12164,12185,12206,12208,12210,12299,12300,12307,12318,12320,12332,12359,12387,12425,12432,12444,12455,12477,12647,12736,12765,12768,12769,266,821,12140,12473,269,941,1003,12150,12151,263,264,265,268,270,271,272,275,276,277,278,279,898,947,960,971,11792,11975,12098,12099,12100,12259,352,353,354,355,905,823,824,11393,357,358,12147,335,371,940,373,374,399,400,402,404,788,12036,381,383,128,347,348,349,945,1004,1016,11002,11426,12145,12479,12734,12737,388,389,390,391,392,393,1060,12035,12261,12262,394,1059,799,803,804,429,430,431,12094,12096,12428,12429,12431,12445,12446,12454,432,433,434,12095,12097,12427,12456,175,377,944,11011,12033,12467,12476,12733,332,339,787,818,819,988,990,1002,1017,10963,11395,11415,11423,11554,12148,12149,12308,12180,12181,12182,12183,889,892,11424,334,785,792,11425,12034,12146,1009,1010,1011,1018,1019,12188,12447,1014,1015,1063,10962,11382,12037,12038,12039,12040,12255,12421,12422,12430,12448,12457,12472,12474,12646,12648,12207,12213,12209,12211,12301,12302,12303,12304,12305,12306,12478,12766,12767"
"7";"Conversão";"3.0";"266,821,12140,12473"
"11";"Declaração";"3.0";"269,941,1003,12150,12151"
"14";"Serventuário";"";"15,18,48,104,865,12522,16,979,980,478,479,480,481,22,26,36,488,981,982,12296,12297,51,60,67,92,118,123,132,135,137,311,313,417,493,848,849,861,873,893,897,928,970,1051,1052,1061,1062,10966,11003,11008,11383,11384,11385,11983,12065,12066,12101,12102,12103,12142,12143,12165,12186,12189,12198,12214,12215,12260,12263,12269,12276,12281,12284,12289,12292,12315,12316,12317,12606,12607,12614,12618,12619,12621,12622,12623,12655,12657,12658,12659,12759,85,581,245,246,12624,12739,12740,12741,12742,12743,12744,12745,12746,12747,12749,12750,12751,12752,12753,12748,1053,1054,1055,12104,12105,12106,12309,12108,12110,12111,12114,12115,12107,12109,12112,12113,12116,12166,12173,12167,12168,12169,12170,12171,12172,12174,12175,12176,12177,12178,12179,12199,12203,12204,12205,12272,12273,12274,12275,12200,12201,12202,12212,12264,12267,12268,12265,12266,12270,12271,12277,12278,12279,12280,12282,12283,12285,12286,12287,12288,12290,12291,12293,12294,12295,12656,105,115,106,112,985,987,866,867,869,870,977,978,12029,12523,12524,12525,12528,12531,12532,12608,12529,12530,12533,12534,12609,12526,12527,12535,12536,12610,12537,12539,12540,12611,12538"
"15";"Contador";"14.0";"16,979,980,478,479,480,481"
"16";"Cálculo";"15.0";"478,479,480,481"
"18";"Distribuidor";"14.0";"22,26,36,488,981,982,12296,12297"
"22";"Baixa Definitiva";"18.0";""
"25";"Suspensão ou Sobrestamento";"3.0";"263,264,265,268,270,271,272,275,276,277,278,279,898,947,960,971,11792,11975,12098,12099,12100,12259"
"26";"Distribuição";"18.0";""
"36";"Redistribuição";"18.0";""
"48";"Escrivão/Diretor de Secretaria/Secretário Jurídico";"14.0";"51,60,67,92,118,123,132,135,137,311,313,417,493,848,849,861,873,893,897,928,970,1051,1052,1061,1062,10966,11003,11008,11383,11384,11385,11983,12065,12066,12101,12102,12103,12142,12143,12165,12186,12189,12198,12214,12215,12260,12263,12269,12276,12281,12284,12289,12292,12315,12316,12317,12606,12607,12614,12618,12619,12621,12622,12623,12655,12657,12658,12659,12759,85,581,245,246,12624,12739,12740,12741,12742,12743,12744,12745,12746,12747,12749,12750,12751,12752,12753,12748,1053,1054,1055,12104,12105,12106,12309,12108,12110,12111,12114,12115,12107,12109,12112,12113,12116,12166,12173,12167,12168,12169,12170,12171,12172,12174,12175,12176,12177,12178,12179,12199,12203,12204,12205,12272,12273,12274,12275,12200,12201,12202,12212,12264,12267,12268,12265,12266,12270,12271,12277,12278,12279,12280,12282,12283,12285,12286,12287,12288,12290,12291,12293,12294,12295,12656"
"51";"Conclusão";"48.0";""
"56";"Requisição de informações";"3.0";""
"60";"Expedição de documento";"48.0";""
"63";"Ordenação de entrega de autos";"3.0";""
"67";"Juntada";"48.0";"85,581"
"83";"Cancelamento da distribuição";"3.0";""
"85";"Petição";"67.0";""
"92";"Publicação";"48.0";""
"104";"Oficial de Justiça";"14.0";"105,115,106,112,985,987"
"105";"Devolução";"104.0";"106,112"
"106";"Mandado";"105.0";""
"108";"Decretação de Prisão Criminal";"3.0";"352,353"
"112";"Ofício";"105.0";""
"113";"Decretação de Prisão Civil";"3.0";"354,355,905"
"115";"Recebimento";"104.0";"985,987"
"117";"Decretação de Internação";"3.0";"823,824,11393"
"118";"Protocolo de Petição";"48.0";""
"122";"Desacolhimento de Prisão";"3.0";"357,358,12147"
"123";"Remessa";"48.0";""
"128";"Prisão";"157.0";""
"132";"Recebimento";"48.0";""
"133";"Acolhimento de exceção";"3.0";"335,371,940"
"135";"Apensamento";"48.0";""
"137";"Desapensamento";"48.0";""
"138";"Rejeição";"3.0";"373,374,399,400,402,404,788,12036"
"146";"Não-Homologação de prisão em flagrante";"3.0";""
"151";"Concessão de efeito suspensivo";"3.0";"381,383"
"157";"Revogação";"3.0";"128,347,348,349,945,1004,1016,11002,11426,12145,12479,12734,12737"
"160";"Recebimento";"3.0";"388,389,390,391,392,393,1060,12035,12261,12262,394,1059"
"163";"Não-Recebimento";"3.0";"799,803,804"
"172";"Deliberação da partilha";"3.0";""
"175";"Prisão em flagrante";"378.0";""
"190";"Reforma de decisão anterior";"3.0";""
"193";"Julgamento";"1.0";"218,385,228,230,235,236,244,456,853,10953,10961,11373,11394,11396,12184,12319,12458,12459,12709,472,473,454,457,458,459,460,461,462,463,464,465,11374,11375,11376,11377,11378,11379,11380,11381,12256,12298,12325,12617,12710,12711,12712,12713,12714,12715,12716,12717,12718,12719,12720,12721,12722,12723,12724,196,198,200,202,208,210,212,214,219,220,221,237,238,239,240,241,242,455,466,471,871,884,900,901,972,973,10964,11401,11402,11403,11404,11405,11406,11407,11408,11409,11795,11796,11876,11877,12187,12252,12253,12254,12257,12258,12321,12326,12329,12330,12331,12433,12450,12615,12649,12650,12651,12652,12653,12654,12660,12661,12662,12663,12664,12665,12678,12738,442,443,444,445,10965,12032,12041,12475,446,447,448,449,450,451,452,453,1042,1043,1044,1045,1046,1047,1048,1049,1050,11411,11801,11878,11879,12028,12616,12735,12322,12323,12324,12327,12328,12434,12435,12436,12437,12438,12439,12440,12441,12442,12443,12451,12452,12453,12666,12667,12668,12669,12670,12672,12673,12674,12675,12676,12677,12792,12671,12679,12680,12681,12682,12683,12684,12685,12686,12687,12688,12689,12690,12691,12692,12693,12694,12695,12696,12697,12698,12699,12700,12701,12702,12703,12704,12705,12706,12707,12708"
"196";"Extinção da execução ou do cumprimento da sentença";"385.0";""
"198";"Acolhimento de Embargos de Declaração";"385.0";""
"200";"Não-Acolhimento de Embargos de Declaração";"385.0";""
"202";"Decretação de falência";"385.0";""
"206";"Admissão";"3.0";"429,430,431,12094,12096,12428,12429,12431,12445,12446,12454"
"207";"Não-Admissão";"3.0";"432,433,434,12095,12097,12427,12456"
"208";"Não-Decretação de Falência";"385.0";""
"210";"Concessão";"385.0";"442,443,444,445,10965,12032,12041,12475"
"212";"Denegação";"385.0";"446,447,448,449"
"214";"Concessão em Parte";"385.0";"450,451,452,453"
"218";"Sem Resolução de Mérito";"193.0";"228,230,235,236,244,456,853,10953,10961,11373,11394,11396,12184,12319,12458,12459,12709,472,473,454,457,458,459,460,461,462,463,464,465,11374,11375,11376,11377,11378,11379,11380,11381,12256,12298,12325,12617,12710,12711,12712,12713,12714,12715,12716,12717,12718,12719,12720,12721,12722,12723,12724"
"219";"Procedência";"385.0";""
"220";"Improcedência";"385.0";""
"221";"Procedência em Parte";"385.0";""
"228";"Arquivamento";"218.0";"472,473"
"230";"Recurso prejudicado";"218.0";""
"235";"Não Conhecimento de recurso";"218.0";""
"236";"Negação de Seguimento";"218.0";""
"237";"Provimento";"385.0";""
"238";"Provimento em Parte";"385.0";""
"239";"Não-Provimento";"385.0";""
"240";"Conhecimento em Parte e Provimento";"385.0";""
"241";"Conhecimento em Parte e Provimento em Parte";"385.0";""
"242";"Conhecimento em Parte e Não-Provimento";"385.0";""
"244";"Conversão de Agravo de Instrumento em Agravo Retido";"218.0";""
"245";"Provisório";"861.0";""
"246";"Definitivo";"861.0";""
"263";"Réu revel citado por edital ";"25.0";""
"264";"Suspensão Condicional do Processo";"25.0";""
"265";"Recurso Extraordinário com repercussão geral";"25.0";""
"266";"Julgamento em Diligência";"7.0";""
"268";"Morte ou perda da capacidade";"25.0";""
"269";"Impedimento ou Suspeição";"11.0";""
"270";"Convenção das Partes";"25.0";""
"271";"Exceção de Incompetência, suspeição ou Impedimento";"25.0";""
"272";"A depender do julgamento de outra causa, de outro juízo ou declaração incidente";"25.0";""
"275";"Força maior";"25.0";""
"276";"Execução frustrada";"25.0";""
"277";"Convenção das Partes para Cumprimento Voluntário da obrigação";"25.0";""
"278";"Recebimento de Embargos à Execução";"25.0";""
"279";"Incidente de Insanidade Mental";"25.0";""
"311";"Leilão ou Praça";"48.0";""
"313";"Sessão do Tribunal do Júri";"48.0";""
"332";"Antecipação de tutela";"817.0";""
"334";"Assistência judiciária gratuita";"968.0";""
"335";"de pré-executividade";"133.0";""
"339";"Liminar";"817.0";""
"347";"Antecipação de Tutela";"157.0";""
"348";"Liminar";"157.0";""
"349";"Assistência Judiciária Gratuita";"157.0";""
"352";"Temporária";"108.0";""
"353";"Preventiva";"108.0";""
"354";"Alimentos";"113.0";""
"355";"Depositário infiel";"113.0";""
"357";"Temporária";"122.0";""
"358";"Preventiva";"122.0";""
"371";"Incompetência";"133.0";""
"373";"Exceção de Impedimento ou Suspeição";"138.0";""
"374";"Exceção de incompetência";"138.0";""
"377";"Acordo em execução ou em cumprimento de sentença";"378.0";""
"378";"Homologação";"3.0";"175,377,944,11011,12033,12467,12476,12733"
"381";"Recurso";"151.0";""
"383";"Impugnação ao cumprimento de sentença";"151.0";""
"385";"Com Resolução do Mérito";"193.0";"196,198,200,202,208,210,212,214,219,220,221,237,238,239,240,241,242,455,466,471,871,884,900,901,972,973,10964,11401,11402,11403,11404,11405,11406,11407,11408,11409,11795,11796,11876,11877,12187,12252,12253,12254,12257,12258,12321,12326,12329,12330,12331,12433,12450,12615,12649,12650,12651,12652,12653,12654,12660,12661,12662,12663,12664,12665,12678,12738,442,443,444,445,10965,12032,12041,12475,446,447,448,449,450,451,452,453,1042,1043,1044,1045,1046,1047,1048,1049,1050,11411,11801,11878,11879,12028,12616,12735,12322,12323,12324,12327,12328,12434,12435,12436,12437,12438,12439,12440,12441,12442,12443,12451,12452,12453,12666,12667,12668,12669,12670,12672,12673,12674,12675,12676,12677,12792,12671,12679,12680,12681,12682,12683,12684,12685,12686,12687,12688,12689,12690,12691,12692,12693,12694,12695,12696,12697,12698,12699,12700,12701,12702,12703,12704,12705,12706,12707,12708"
"388";"Aditamento da denúncia";"160.0";""
"389";"Aditamento da queixa";"160.0";""
"390";"Aditamento do libelo";"160.0";""
"391";"Denúncia";"160.0";""
"392";"Libelo";"160.0";""
"393";"Queixa";"160.0";""
"394";"Com efeito suspensivo";"1060.0";""
"399";"Aditamento da denúncia";"138.0";""
"400";"Aditamento da queixa";"138.0";""
"402";"Denúncia";"138.0";""
"404";"Queixa";"138.0";""
"417";"Inclusão em pauta";"48.0";""
"429";"Recurso extraordinário";"206.0";""
"430";"Recurso especial";"206.0";""
"431";"Recurso de revista";"206.0";""
"432";"Recurso Extraordinário";"207.0";""
"433";"Recurso Especial";"207.0";""
"434";"Recurso de Revista";"207.0";""
"442";"Segurança";"210.0";""
"443";"Habeas corpus";"210.0";""
"444";"Habeas data";"210.0";""
"445";"Mandado de injunção";"210.0";""
"446";"Segurança";"212.0";""
"447";"Habeas corpus";"212.0";""
"448";"Habeas data";"212.0";""
"449";"Mandado de injunção";"212.0";""
"450";"Segurança";"214.0";""
"451";"Habeas corpus";"214.0";""
"452";"Habeas data";"214.0";""
"453";"Mandado de injunção";"214.0";""
"454";"Indeferimento da petição inicial";"456.0";""
"455";"Renúncia ao direito pelo autor";"385.0";""
"456";"Extinção";"218.0";"454,457,458,459,460,461,462,463,464,465,11374,11375,11376,11377,11378,11379,11380,11381,12256,12298,12325,12617"
"457";"Paralisação por negligência das partes";"456.0";""
"458";"Abandono da causa";"456.0";""
"459";"Ausência de pressupostos processuais";"456.0";""
"460";"Perempção, litispendência ou coisa julgada";"456.0";""
"461";"Ausência das condições da ação";"456.0";""
"462";"Convenção de arbitragem";"456.0";""
"463";"Desistência";"456.0";""
"464";"Ação intransmissível";"456.0";""
"465";"Confusão entre autor e réu";"456.0";""
"466";"Homologação de Transação";"385.0";""
"471";"Pronúncia de Decadência ou Prescrição";"385.0";""
"472";"Sumaríssimo (art. 852-B, § 1º/CLT)";"228.0";""
"473";"Ausência do Reclamante";"228.0";""
"478";"Cálculo de Liquidação";"16.0";""
"479";"Custas";"16.0";""
"480";"Atualização de conta";"16.0";""
"481";"Tributos";"16.0";""
"488";"Cancelamento de Distribuição";"18.0";""
"493";"Entrega em carga/vista";"48.0";""
"581";"Documento";"67.0";""
"785";"Antecipação de tutela";"968.0";""
"787";"Assistência Judiciária Gratuita";"817.0";""
"788";"Exceção de pré-executividade";"138.0";""
"792";"Liminar";"968.0";""
"799";"Aditamento do libelo";"163.0";""
"803";"Libelo";"163.0";""
"804";"Recurso";"163.0";""
"817";"Concessão";"3.0";"332,339,787,818,819,988,990,1002,1017,10963,11395,11415,11423,11554,12148,12149,12308,12180,12181,12182,12183"
"818";"Liberdade provisória";"817.0";""
"819";"Livramento Condicional";"817.0";""
"821";"Pena / Medida";"7.0";""
"823";"Provisória";"117.0";""
"824";"Definitiva";"117.0";""
"848";"Trânsito em julgado";"48.0";""
"849";"Reativação";"48.0";""
"853";"Conversão de Agravo de Instrumento em Recurso Especial ou Extraordinário";"218.0";""
"861";"Arquivamento";"48.0";"245,246"
"865";"Arquivista";"14.0";"866,867,869,870,977,978,12029"
"866";"Guarda Intermediária";"865.0";""
"867";"Guarda Permanente";"865.0";""
"869";"Entrega definitiva dos autos";"865.0";""
"870";"Autos Eliminados";"865.0";""
"871";"Acolhimento em parte de Embargos de Declaração";"385.0";""
"873";"Deliberação em Sessão";"48.0";""
"884";"Transação Penal";"385.0";""
"888";"Concessão em parte";"3.0";"889,892,11424"
"889";"Antecipação de Tutela";"888.0";""
"892";"Liminar";"888.0";""
"893";"Desarquivamento";"48.0";""
"897";"Retirada de pauta";"48.0";""
"898";"Por decisão judicial";"25.0";""
"900";"Declaração de competência em conflito";"385.0";""
"901";"Negação de seguimento";"385.0";""
"905";"de estrangeiro para deportação, expulsão ou extradição";"113.0";""
"928";"Republicação";"48.0";""
"940";"Impedimento ou Suspeição";"133.0";""
"941";"Incompetência";"11.0";""
"944";"Desistência de Recurso";"378.0";""
"945";"Decisão anterior";"157.0";""
"947";"Por pendência de AIREsp";"25.0";""
"960";"Conflito de Competência";"25.0";""
"961";"Suscitação de Conflito de Competência";"3.0";""
"968";"Não-Concessão";"3.0";"334,785,792,11425,12034,12146"
"970";"Audiência";"48.0";"12624,12739,12740,12741,12742,12743,12744,12745,12746,12747,12749,12750,12751,12752,12753,12748"
"971";"Exceção da Verdade";"25.0";""
"972";"Provimento (art. 557 do CPC)";"385.0";""
"973";"Extinção da Punibilidade";"385.0";"1042,1043,1044,1045,1046,1047,1048,1049,1050,11411,11801,11878,11879,12028,12616,12735"
"977";"Recebimento";"865.0";""
"978";"Remessa";"865.0";""
"979";"Recebimento";"15.0";""
"980";"Remessa";"15.0";""
"981";"Recebimento";"18.0";""
"982";"Remessa";"18.0";""
"985";"Mandado";"115.0";""
"987";"Ofício";"115.0";""
"988";"Permissão de saída";"817.0";""
"990";"Direito de visita";"817.0";""
"1002";"Progressão de regime";"817.0";""
"1003";"Remição";"11.0";""
"1004";"Livramento Condicional";"157.0";""
"1008";"Autorização";"3.0";"1009,1010,1011,1018,1019,12188,12447"
"1009";"Trabalho Externo";"1008.0";""
"1010";"Saída Temporária";"1008.0";""
"1011";"Inclusão em Regime Disciplinar Diferenciado";"1008.0";""
"1013";"Determinação";"3.0";"1014,1015,1063,10962,11382,12037,12038,12039,12040,12255,12421,12422,12430,12448,12457,12472,12474,12646,12648"
"1014";"Regressão de Regime";"1013.0";""
"1015";"Suspensão do Processo";"1013.0";""
"1016";"Suspensão Condicional da Pena";"157.0";""
"1017";"Suspensão Condicional da Pena";"817.0";""
"1018";"Transferência para outro Estabelecimento Penal";"1008.0";""
"1019";"Transferência da Execução da Pena";"1008.0";""
"1042";"Morte do agente";"973.0";""
"1043";"Anistia, graça ou indulto";"973.0";""
"1044";"Retroatividade de lei";"973.0";""
"1045";"Prescrição, decadência ou perempção";"973.0";""
"1046";"Renúncia do queixoso ou perdão aceito ";"973.0";""
"1047";"Retratação do agente";"973.0";""
"1048";"Perdão judicial";"973.0";""
"1049";"Pagamento integral do débito";"973.0";""
"1050";"Cumprimento da Pena";"973.0";""
"1051";"Decurso de Prazo";"48.0";""
"1052";"Bens Apreendidos";"48.0";"1053,1054,1055"
"1053";"Destinação";"1052.0";""
"1054";"Destinação Parcial";"1052.0";""
"1055";"Cadastramento";"1052.0";""
"1059";"Sem efeito suspensivo";"1060.0";""
"1060";"Recurso";"160.0";"394,1059"
"1061";"Disponibilização no Diário da Justiça Eletrônico";"48.0";""
"1062";"Redisponibilização no Diário da Justiça Eletrônico";"48.0";""
"1063";"Determinação de arquivamento de procedimentos investigatórios";"1013.0";""
"10953";"Pronúncia";"218.0";""
"10961";"Impronúncia";"218.0";""
"10962";"Regressão de Medida Sócio-Educativa";"1013.0";""
"10963";"Progressão de Medida Sócio-Educativa";"817.0";""
"10964";"Extinção por Cumprimento de Medida Sócio-Educativa";"385.0";""
"10965";"Remissão a Adolescente Infrator";"210.0";""
"10966";"Mudança de Classe Processual";"48.0";""
"11002";"Revogação da Suspensão do Processo";"157.0";""
"11003";"Início do Cumprimento da Transação Penal";"48.0";""
"11008";"Desmembramento de Feitos";"48.0";""
"11009";"Despacho";"1.0";"11010,11019,11020,11021,11023,11025,12068,12310,12548,12449,11022,11024,11012,11013,11014,11015,11016,11017,11018,12311,12312,12313,12314"
"11010";"Mero expediente";"11009.0";"12449"
"11011";"Homologada a Remissão";"378.0";""
"11012";"Conflito de Competência";"11025.0";""
"11013";"Convenção das Partes";"11025.0";""
"11014";"Convenção das Partes para Cumprimento Voluntário da obrigação";"11025.0";""
"11015";"Exceção de Incompetência, suspeição ou Impedimento";"11025.0";""
"11016";"Exceção da Verdade";"11025.0";""
"11017";"Incidente de Insanidade Mental";"11025.0";""
"11018";"Recebimento de Embargos à Execução";"11025.0";""
"11019";"Ordenação de entrega de autos";"11009.0";""
"11020";"Requisição de Informações";"11009.0";""
"11021";"Conversão";"11009.0";"11022"
"11022";"Julgamento em Diligência";"11021.0";""
"11023";"Concessão";"11009.0";"11024"
"11024";"Assistência Judiciária Gratuita";"11023.0";""
"11025";"Suspensão ou Sobrestamento";"11009.0";"11012,11013,11014,11015,11016,11017,11018"
"11373";"Anulação de sentença/acórdão";"218.0";""
"11374";"Devedor não encontrado";"456.0";""
"11375";"Inexistência de bens penhoráveis";"456.0";""
"11376";"Ausência do autor à audiência";"456.0";""
"11377";"Inadmissibilidade do procedimento sumaríssimo";"456.0";""
"11378";"Incompetência territorial";"456.0";""
"11379";"Incompetência em razão da pessoa";"456.0";""
"11380";"Autor falecido e sem habilitação de sucessores";"456.0";""
"11381";"Ausência de citação de sucessores do réu falecido";"456.0";""
"11382";"Bloqueio/penhora on line";"1013.0";""
"11383";"Ato ordinatório";"48.0";""
"11384";"Liquidação iniciada";"48.0";""
"11385";"Execução iniciada";"48.0";""
"11393";"Sanção";"117.0";""
"11394";"Homologada a Remissão";"218.0";""
"11395";"Remissão ao adolescente com suspensão do processo";"817.0";"12180,12181,12182,12183"
"11396";"Concessão de remissão a adolescente com exclusão do processo";"218.0";""
"11401";"Procedência do pedido e procedência do pedido contraposto";"385.0";""
"11402";"Procedência do pedido e procedência em parte do pedido contraposto";"385.0";""
"11403";"Procedência do pedido e improcedência do pedido contraposto";"385.0";""
"11404";"Procedência em parte do pedido e procedência do pedido contraposto";"385.0";""
"11405";"Procedência em parte do pedido e procedência em parte do pedido contraposto";"385.0";""
"11406";"Procedência em parte do pedido e improcedência do pedido contraposto";"385.0";""
"11407";"Improcedência do pedido e procedência do pedido contraposto";"385.0";""
"11408";"Improcedência do pedido e procedência em parte do pedido contraposto";"385.0";""
"11409";"Improcedência do pedido e improcedência do pedido contraposto";"385.0";""
"11411";"Cumprimento da suspensão condicional do processo";"973.0";""
"11415";"Comutação da pena";"817.0";""
"11423";"Medida protetiva";"817.0";""
"11424";"Medida protetiva";"888.0";""
"11425";"Medida protetiva";"968.0";""
"11426";"Medida protetiva";"157.0";""
"11554";"Indulto";"817.0";""
"11792";"Livramento Condicional";"25.0";""
"11795";"Procedência do Pedido - Reconhecimento pelo réu";"385.0";""
"11796";"Declaração de competência em conflito";"385.0";""
"11801";"Reparação do dano";"973.0";""
"11876";"Absolvição Sumária do art. 397-CPP";"385.0";""
"11877";"Absolvição sumária - crimes dolosos contra a vida";"385.0";""
"11878";"Prescrição";"973.0";""
"11879";"Decadência ou perempção";"973.0";""
"11975";"Recurso Especial repetitivo";"25.0";""
"11983";"Retificação de movimento";"48.0";""
"12028";"Cumprimento de transação penal";"973.0";""
"12029";"Recebe Teste";"865.0";""
"12032";"Exequatur";"210.0";""
"12033";"Sentença Estrangeira";"378.0";""
"12034";"Exequatur";"968.0";""
"12035";"Representação por ato infracional";"160.0";""
"12036";"Representação por ato infracional";"138.0";""
"12037";"Quebra de sigilo fiscal";"1013.0";""
"12038";"Quebra de sigilo bancário";"1013.0";""
"12039";"Quebra de sigilo telemático";"1013.0";""
"12040";"Indisponibilidade de bens";"1013.0";""
"12041";"Recuperação judicial";"210.0";""
"12065";"Cumprimento de Suspensão ou Sobrestamento";"48.0";""
"12066";"Cumprimento de Levantamento da Suspensão ou Dessobrestamento";"48.0";""
"12067";"Levantamento da Suspensão ou Dessobrestamento";"3.0";""
"12068";"Levantamento da Suspensão ou Dessobrestamento";"11009.0";""
"12092";"Afetação ao rito dos recursos repetitivos ";"3.0";""
"12093";"Desafetação ao rito dos recursos repetitivos ";"3.0";""
"12094";"Incidente de Resolução de demandas repetitivas (art. 981 e 982)";"206.0";""
"12095";"Incidente de resolução de demandas repetitivas";"207.0";""
"12096";"Incidente de assunção de competência";"206.0";""
"12097";"Incidente de assunção de competência ";"207.0";""
"12098";"Incidente de Resolução de Demandas Repetitivas ";"25.0";""
"12099";"Por decisão do Presidente do STJ -  IRDR";"25.0";""
"12100";"Por decisão do Presidente do STF  - IRDR";"25.0";""
"12101";"Inclusão do processo para julgamento eletrônico";"48.0";""
"12102";"Adiamento do julgamento (CPC, art. 935)";"48.0";""
"12103";"Pauta";"48.0";"12104,12105,12106,12309,12108,12110,12111,12114,12115,12107,12109,12112,12113,12116"
"12104";"Inclusão em pauta";"12103.0";"12108,12110,12111,12114,12115"
"12105";"Inclusão do processo para julgamento eletrônico";"12103.0";"12107,12109,12112,12113,12116"
"12106";"Adiamento do julgamento (art. 935 do CPC)";"12103.0";""
"12107";"Para análise de repercussão geral";"12105.0";""
"12108";"Para análise de repercussão geral";"12104.0";""
"12109";"Para análise da admissão do recurso repetitivo ";"12105.0";""
"12110";"Para análise da admissão do recurso repetitivo ";"12104.0";""
"12111";"Para análise da admissão do IRDR";"12104.0";""
"12112";"Para análise da admissão do IRDR";"12105.0";""
"12113";"Para análise da admissão do IAC";"12105.0";""
"12114";"Para análise da admissão do IAC";"12104.0";""
"12115";"Para julgamento de mérito";"12104.0";""
"12116";"Para julgamento de mérito";"12105.0";""
"12140";"Prisão em Flagrante em Prisão Preventiva";"7.0";""
"12141";"Relaxamento do Flagrante";"3.0";""
"12142";"Mudança de Parte";"48.0";""
"12143";"Mudança de Assunto Processual";"48.0";""
"12144";"Unificação e Soma de Penas";"3.0";""
"12145";"Detração/Remição";"157.0";""
"12146";"Liberdade Provisória";"968.0";""
"12147";"Domiciliar";"122.0";""
"12148";"Prisão Domiciliar";"817.0";""
"12149";"Detração/Remição da Pena";"817.0";""
"12150";"Impedimento";"11.0";""
"12151";"Suspeição";"11.0";""
"12163";"Outras Decisões";"3.0";""
"12164";"Outras Decisões";"3.0";""
"12165";"Requisição de Pagamento";"48.0";"12166,12173,12167,12168,12169,12170,12171,12172,12174,12175,12176,12177,12178,12179"
"12166";"Precatório";"12165.0";"12167,12168,12169,12170,12171,12172"
"12167";"Enviada ao Tribunal";"12166.0";""
"12168";"Preparada para Envio";"12166.0";""
"12169";"Paga";"12166.0";""
"12170";"Cancelada";"12166.0";""
"12171";"Retificado";"12166.0";""
"12172";"Suspensão";"12166.0";""
"12173";"Pequeno Valor";"12165.0";"12174,12175,12176,12177,12178,12179"
"12174";"Enviada ao Tribunal";"12173.0";""
"12175";"Preparada para Envio";"12173.0";""
"12176";"Paga";"12173.0";""
"12177";"Cancelada";"12173.0";""
"12178";"Retificada";"12173.0";""
"12179";"Suspensão";"12173.0";""
"12180";"Prestação de Serviços à Comunidade";"11395.0";""
"12181";"Reparação do Dano";"11395.0";""
"12182";"Liberdade Assistida";"11395.0";""
"12183";"Justiça Restaurativa";"11395.0";""
"12184";"Suspensão Condicional do Processo";"218.0";""
"12185";"Decisão Interlocutória de Mérito";"3.0";""
"12186";"Cancelamento de Distribuição";"48.0";""
"12187";"Homologação de Decisão de Juiz Leigo";"385.0";""
"12188";"Recambiamento de Preso";"1008.0";""
"12189";"Entrega de Documento";"48.0";""
"12198";"Deliberado em Sessão";"48.0";"12199,12203,12204,12205,12272,12273,12274,12275,12200,12201,12202,12212"
"12199";"Julgado";"12198.0";"12200,12201,12202,12212"
"12200";"Mérito";"12199.0";""
"12201";"Liminar";"12199.0";""
"12202";"Questão de Ordem";"12199.0";""
"12203";"Adiado";"12198.0";""
"12204";"Pedido de Vista";"12198.0";""
"12205";"Retirado";"12198.0";""
"12206";"Ratificação";"3.0";"12207,12213"
"12207";"Liminar";"12206.0";""
"12208";"Não-Ratificação";"3.0";"12209"
"12209";"Liminar";"12208.0";""
"12210";"Ratificação em Parte";"3.0";"12211"
"12211";"Liminar";"12210.0";""
"12212";"Prorrogação de PAD";"12199.0";""
"12213";"Decisão Monocrática";"12206.0";""
"12214";"Processo Encaminhado";"48.0";""
"12215";"Processo devolvido à Secretaria";"48.0";""
"12252";"Sentença confirmada";"385.0";""
"12253";"Sentença confirmada em parte";"385.0";""
"12254";"Sentença desconstituída";"385.0";""
"12255";"Redistribuição por prevenção";"1013.0";""
"12256";"Continência";"456.0";""
"12257";"Definição de tese jurídica em incidentes repetitivos";"385.0";""
"12258";"Emissão de juízo de retratação pelo Órgão Julgador";"385.0";""
"12259";"Prescrição intercorrente (art. 921, § 4º, CPC)";"25.0";""
"12260";"Autos restaurados";"48.0";""
"12261";"Emenda a inicial";"160.0";""
"12262";"Emenda a inicial";"160.0";""
"12263";"Intimação";"48.0";"12264,12267,12268,12265,12266"
"12264";"Eletrônica";"12263.0";"12265,12266"
"12265";"Expedida/certificada";"12264.0";""
"12266";"Confirmada";"12264.0";""
"12267";"Em audiência";"12263.0";""
"12268";"Em Secretaria";"12263.0";""
"12269";"Desentranhamento";"48.0";"12270,12271"
"12270";"Documento";"12269.0";""
"12271";"Petição";"12269.0";""
"12272";"Declinada a competência";"12198.0";""
"12273";"Convertido em diligência";"12198.0";""
"12274";"Sobrestado";"12198.0";""
"12275";"Retificado";"12198.0";""
"12276";"Cumprimento da pena";"48.0";"12277,12278,12279,12280"
"12277";"Início";"12276.0";""
"12278";"Fim";"12276.0";""
"12279";"Fim";"12276.0";""
"12280";"Interrupção";"12276.0";""
"12281";"Comunicação eletrônica";"48.0";"12282,12283"
"12282";"Expedida/Certificada";"12281.0";""
"12283";"Confirmada";"12281.0";""
"12284";"Citação";"48.0";"12285,12286,12287,12288"
"12285";"Em Secretaria/Comparecimento Espontâneo";"12284.0";""
"12286";"Eletrônica";"12284.0";"12287,12288"
"12287";"Expedida/Certificada";"12286.0";""
"12288";"Confirmada";"12286.0";""
"12289";"Cancelamento";"48.0";"12290,12291"
"12290";"Documento Expedido";"12289.0";""
"12291";"Movimentação processual";"12289.0";""
"12292";"Ato cumprido pela parte ou interessado";"48.0";"12293,12294,12295"
"12293";"Ato cumprido pela parte ou interessado (sem atributo)";"12292.0";""
"12294";"Comparecimento do Réu/Apenado";"12292.0";""
"12295";"Depósito de Bens/Dinheiro";"12292.0";""
"12296";"Registro";"18.0";""
"12297";"Atribuição de competência";"18.0";""
"12298";"Cancelamento de Dívida Ativa";"456.0";""
"12299";"Prorrogação de cumprimento de pena/medida de segurança";"3.0";""
"12300";"Nomeação";"3.0";"12301,12302,12303,12304,12305,12306"
"12301";"Advogado Voluntário";"12300.0";""
"12302";"Curador";"12300.0";""
"12303";"Defensor Dativo";"12300.0";""
"12304";"Intérprete/Tradutor";"12300.0";""
"12305";"Outros auxiliares de justiça";"12300.0";""
"12306";"Perito";"12300.0";""
"12307";"Decretação de revelia";"3.0";""
"12308";"Substituição/Sucessão";"817.0";""
"12309";"Retirada";"12103.0";""
"12310";"Pauta";"11009.0";"12311,12312,12313,12314"
"12311";"Pedido de inclusão";"12310.0";""
"12312";"Retirar pedido de inclusão";"12310.0";""
"12313";"Pedido de inclusão em pauta virtual";"12310.0";""
"12314";"Retirar pedido de pauta virtual";"12310.0";""
"12315";"Devolvidos os autos";"48.0";""
"12316";"Notificação Inicial";"48.0";""
"12317";"Notificação inicial com liminar";"48.0";""
"12318";"Reconhecimento de prevenção";"3.0";""
"12319";"Não conhecimento do pedido";"218.0";""
"12320";"Denegação de prevenção";"3.0";""
"12321";"Parecer";"385.0";"12322,12323,12324"
"12322";"Favorável";"12321.0";""
"12323";"Favorável em parte";"12321.0";""
"12324";"Desfavorável";"12321.0";""
"12325";"Perda do objeto";"456.0";""
"12326";"Consulta";"385.0";"12327,12328"
"12327";"Respondida";"12326.0";""
"12328";"Respondida em parte";"12326.0";""
"12329";"Pedido conhecido em parte e procedente";"385.0";""
"12330";"Pedido conhecido em parte e procedente em parte";"385.0";""
"12331";"Pedido conhecido em parte e improcedente";"385.0";""
"12332";"Prorrogado prazo de conclusão";"3.0";""
"12359";"Liminar Prejudicada";"3.0";""
"12387";"Decisão de Saneamento e Organização";"3.0";""
"12421";"Juízo provisório para medidas urgentes";"1013.0";""
"12422";"Devolução da carta rogatória ao juízo rogante";"1013.0";""
"12425";"Unificação de Medidas Socioeducativas";"3.0";""
"12427";"Agravo em recurso especial ";"207.0";""
"12428";"Reclamação";"206.0";""
"12429";"Embargos de Divergência";"206.0";""
"12430";"Arquivamento";"1013.0";""
"12431";"Embargos ";"206.0";""
"12432";"Afetação";"3.0";""
"12433";"Conjunto Agravo e Recurso Especial";"385.0";"12434,12435,12436,12437,12438,12439,12440,12441,12442,12443"
"12434";"Conhecimento para dar provimento ao Recurso Especial ";"12433.0";""
"12435";"Conhecimento para negar provimento ao recurso especial";"12433.0";""
"12436";"Conhecimento para não conhecer do Recurso Especial";"12433.0";""
"12437";"Conhecimento para determinar sua autuação como Recurso Especial";"12433.0";""
"12438";"conhecimento para dar parcial provimento ao recurso especial";"12433.0";""
"12439";"conhecimento para conhecer em parte o recurso especial e dar provimento ";"12433.0";""
"12440";"conhecimento para conhecer em parte o recurso especial e negar provimento";"12433.0";""
"12441";"Conhecimento para conhecer o recurso especial";"12433.0";""
"12442";"conhecimento para conhecer em parte o recurso especial ";"12433.0";""
"12443";"conhecimento em parte para dar provimento ao recurso especial";"12433.0";""
"12444";"deferimento";"3.0";""
"12445";"Recurso Ordinário";"206.0";""
"12446";"Afetação tornada sem efeito";"206.0";""
"12447";"pagamento";"1008.0";""
"12448";"Demonstração de existência de repercussão geral e  manifestação sobre a questão constitucional";"1013.0";""
"12449";"expedição de alvará de levantamento";"11010.0";""
"12450";"impugnação à execução";"385.0";"12451,12452,12453"
"12451";"Procedência";"12450.0";""
"12452";"procedência parcial";"12450.0";""
"12453";"improcedência";"12450.0";""
"12454";"Pedido de Uniformização de Interpretação de Lei";"206.0";""
"12455";"Indeferimento";"3.0";""
"12456";"Recurso Ordinário";"207.0";""
"12457";"Expedição de precatório/rpv";"1013.0";""
"12458";"Não conhecimento do habeas corpus";"218.0";""
"12459";"Prejudicado";"218.0";""
"12467";"Desistência de pedido";"378.0";""
"12472";"Devolução dos autos à origem ";"1013.0";""
"12473";"agravo em recurso especial ";"7.0";""
"12474";"Distribuição";"1013.0";""
"12475";"Habeas Corpus de ofício";"210.0";""
"12476";"Medida protetiva determinada por autoridade policial";"378.0";""
"12477";"Não-Homologação";"3.0";"12478"
"12478";"Medida protetiva determinada por autoridade policia";"12477.0";""
"12479";"Medida protetiva determinada por autoridade policia";"157.0";""
"12522";"Auxiliar da Justiça";"14.0";"12523,12524,12525,12528,12531,12532,12608,12529,12530,12533,12534,12609,12526,12527,12535,12536,12610,12537,12539,12540,12611,12538"
"12523";"Conciliador";"12522.0";"12528,12531,12532,12608"
"12524";"Juiz Leigo";"12522.0";"12529,12530,12533,12534,12609"
"12525";"Mediador";"12522.0";"12526,12527,12535,12536,12610,12537,12539,12540,12611,12538"
"12526";"Conciliação";"12525.0";"12535,12536,12610"
"12527";"Mediação";"12525.0";"12537,12539,12540,12611,12538"
"12528";"Conciliação";"12523.0";"12531,12532,12608"
"12529";"Decisão";"12524.0";""
"12530";"Conciliação";"12524.0";"12533,12534,12609"
"12531";"Frutífera";"12528.0";""
"12532";"Infrutífera";"12528.0";""
"12533";"Frutífera";"12530.0";""
"12534";"Infrutífera";"12530.0";""
"12535";"Frutífera";"12526.0";""
"12536";"Infrutífera";"12526.0";""
"12537";"Não-realizada";"12527.0";"12538"
"12538";"Infrutífera";"12537.0";""
"12539";"Infrutífera";"12527.0";""
"12540";"Frutífera";"12527.0";""
"12548";"Expedição de alvará de levantamento";"11009.0";""
"12606";"Remessa negociação consumidor.gov.br";"48.0";""
"12607";"Recebimento negociação consumidor.gov.br";"48.0";""
"12608";"Parcial";"12528.0";""
"12609";"Parcial";"12530.0";""
"12610";"Parcial";"12526.0";""
"12611";"Parcial";"12527.0";""
"12614";"Remessa para o CEJUSC";"48.0";""
"12615";"Composição Civil";"385.0";""
"12616";"Composição Civil dos Danos";"973.0";""
"12617";"Renúncia";"456.0";""
"12618";"Remessa CEJUSC";"48.0";""
"12619";"Recebimento do CEJUSC ";"48.0";""
"12621";"Recebimento no CEJUSC";"48.0";""
"12622";"Remessa para Câmara de Conciliação/Mediação";"48.0";""
"12623";"Recebimento de Câmara de Conciliação/Mediação";"48.0";""
"12624";"Audiência do art. 334 CPC";"970.0";""
"12646";"Determinada a Redistribuição";"1013.0";""
"12647";"Mantida a Distribuição do Processo";"3.0";""
"12648";"Determinação de Diligência";"1013.0";""
"12649";"Homologado o Pedido";"385.0";""
"12650";"Não Homologado o Pedido";"385.0";""
"12651";"Contas Não Prestação";"385.0";""
"12652";"Contas Aprovadas";"385.0";""
"12653";"Contas Desaprovadas";"385.0";""
"12654";"Contas Aprovadas com Ressalvas";"385.0";""
"12655";"Identificada Possível Dissidência Partidária";"48.0";"12656"
"12656";"Partido Movimentado";"12655.0";""
"12657";"Partido Movimentado";"48.0";""
"12658";"Sistema de Candidaturas Fechado";"48.0";""
"12659";"Totalização de Eleições Efetuada";"48.0";""
"12660";"Deferimento do Pedido de Registro de Candidatura";"385.0";""
"12661";"Impugnação do Registro de Candidatura";"385.0";"12666,12667,12668,12669,12670,12672,12673,12674,12675,12676,12677,12792,12671"
"12662";"Cassação do Registro de Candidatura";"385.0";""
"12663";"Cancelamento do Pedido de Registro de Candidatura";"385.0";""
"12664";"Movimentar Partido";"385.0";""
"12665";"Procedência da Impugnação (Registro Deferido)";"385.0";""
"12666";"Procedência da Impugnação (Registro Deferido)";"12661.0";""
"12667";"Procedência da Impugnação (Registro Indeferido)";"12661.0";""
"12668";"Procedência em Parte da Impugnação (Registro Deferido)";"12661.0";""
"12669";"Procedência em Parte da Impugnação (Registro Indeferido)";"12661.0";""
"12670";"Procedência em Parte da Impugnação (Registro Cancelado)";"12661.0";"12671"
"12671";"Procedência em Parte da Impugnação (Registro Cassado)";"12670.0";""
"12672";"Procedência em Parte da Impugnação (Registro Cassado)";"12661.0";""
"12673";"Não-Procedência da Impugnação (Registro Deferido)";"12661.0";""
"12674";"Não-Procedência da Impugnação (Registro Indeferido)";"12661.0";""
"12675";"Não-Procedência da Impugnação (Registro Cancelado)";"12661.0";""
"12676";"Não-Procedência da Impugnação (Registro Cassado)";"12661.0";""
"12677";"Procedência da Impugnação (Registro Cancelado)";"12661.0";""
"12678";"Registro de Candidatura";"385.0";"12679,12680,12681,12682,12683,12684,12685,12686,12687,12688,12689,12690,12691,12692,12693,12694,12695,12696,12697,12698,12699,12700,12701,12702,12703,12704,12705,12706,12707,12708"
"12679";"Provimento (Registro Deferido)";"12678.0";""
"12680";"Provimento (Registro Indeferido)";"12678.0";""
"12681";"Provimento (Registro Cancelado)";"12678.0";""
"12682";"Provimento (Registro Cassado)";"12678.0";""
"12683";"Provimento (Registro Sem Julgamento)";"12678.0";""
"12684";"Provimento em Parte (Registro Deferido)";"12678.0";""
"12685";"Provimento em Parte (Registro Indeferido)";"12678.0";""
"12686";"Provimento em Parte (Registro Cancelado)";"12678.0";""
"12687";"Provimento em Parte (Registro Cassado)";"12678.0";""
"12688";"Provimento em Parte (Registro Sem Julgamento)";"12678.0";""
"12689";"Não-Provimento (Registro Deferido)";"12678.0";""
"12690";"Não-Provimento (Registro Indeferido)";"12678.0";""
"12691";"Não-Provimento (Registro Cancelado)";"12678.0";""
"12692";"Não-Provimento (Registro Cassado)";"12678.0";""
"12693";"Não-Provimento (Registro Sem Julgamento)";"12678.0";""
"12694";"Acolhimento (Registro Deferido)";"12678.0";""
"12695";"Acolhimento (Registro Indeferido)";"12678.0";""
"12696";"Acolhimento (Registro Cancelado)";"12678.0";""
"12697";"Acolhimento (Registro Cassado)";"12678.0";""
"12698";"Acolhimento (Registro Sem Julgamento)";"12678.0";""
"12699";"Não-Acolhimento (Registro Deferido)";"12678.0";""
"12700";"Não-Acolhimento (Registro Indeferido)";"12678.0";""
"12701";"Não-Acolhimento (Registro Cancelado)";"12678.0";""
"12702";"Não-Acolhimento (Registro Cassado)";"12678.0";""
"12703";"Não-Acolhimento (Registro Sem Julgamento)";"12678.0";""
"12704";"Anulação de Acórdão (Registro Deferido)";"12678.0";""
"12705";"Anulação de Acórdão (Registro Indeferido)";"12678.0";""
"12706";"Anulação de Acórdão (Registro Cancelado)";"12678.0";""
"12707";"Anulação de Acórdão (Registro Cassado)";"12678.0";""
"12708";"Anulação de Acórdão (Registro Sem Julgamento)";"12678.0";""
"12709";"Registro de Candidatura";"218.0";"12710,12711,12712,12713,12714,12715,12716,12717,12718,12719,12720,12721,12722,12723,12724"
"12710";"Anulação de Acórdão (Registro Deferido)";"12709.0";""
"12711";"Anulação de Acórdao (Registro Indeferido)";"12709.0";""
"12712";"Anulação de Acórdão (Registro Cancelado)";"12709.0";""
"12713";"Anulação de Acórdão (Registro Cassado)";"12709.0";""
"12714";"Anulação de Acórdão (Registro Sem Julgamento)";"12709.0";""
"12715";"Não Conhecimento (Registro Deferido)";"12709.0";""
"12716";"Não Conhecimento (Registro Indeferido)";"12709.0";""
"12717";"Não Conhecimento (Registro Cancelado)";"12709.0";""
"12718";"Não Conhecimento (Registro Cassado)";"12709.0";""
"12719";"Não Conhecimento (Registro Sem Julgamento)";"12709.0";""
"12720";"Negação de Seguimento (Registro Deferido)";"12709.0";""
"12721";"Negação de Seguimento (Registro Indeferido)";"12709.0";""
"12722";"Negação de Seguimento (Registro Cancelado)";"12709.0";""
"12723";"Negação de Seguimento (Registro Cassado)";"12709.0";""
"12724";"Negação de Seguimento (Registro Sem Julgamento)";"12709.0";""
"12733";"Homologação do Acordo de Não Persecução Penal";"378.0";""
"12734";"Revogação do Acordo de Não Persecução Penal";"157.0";""
"12735";"Extinção de Punibilidade em Razão do Cumprimento de Acordo de Não Persecução Penal";"973.0";""
"12736";"Unificação de Processos de Execução";"3.0";""
"12737";"Revogação da Suspensão Condicional do Processo";"157.0";""
"12738";"Homologação de Transação Penal";"385.0";""
"12739";"Admonitória";"970.0";""
"12740";"de Conciliação";"970.0";""
"12741";"de Acolhimento";"970.0";""
"12742";"de Custódia";"970.0";""
"12743";"de Interrogatório";"970.0";""
"12744";"de Justificação";"970.0";""
"12745";"do art. 16 da Lei 11.340";"970.0";""
"12746";"em Execução";"970.0";""
"12747";"Inicial";"970.0";"12748"
"12748";"de Instrução";"12747.0";""
"12749";"de Instrução";"970.0";""
"12750";"de Instrução e Julgamento";"970.0";""
"12751";"de Julgamento";"970.0";""
"12752";"de Mediação";"970.0";""
"12753";"Preliminar";"970.0";""
"12759";"Realização de Procedimento Restaurativo";"48.0";""
"12765";"Envio para Juízo de Retratação ";"3.0";"12766,12767"
"12766";"Por Divergência de Entendimento com o STF";"12765.0";""
"12767";"Por Divergência de Entendimento com Tribunal Superior";"12765.0";""
"12768";"Manutenção de Acórdão";"3.0";""
"12769";"Desclassificação de Delito";"3.0";""
"12792";"Procedência da Impugnação (Registro Cassado)";"12661.0";""
