"codigo";"descricao";"sigla";"cod_pai";"cod_filhos"
"2";"PROCESSO CÍVEL E DO TRABALHO";"ProcCivTrab";"";"158,175,197,214,1106,12133,159,165,169,1068,1111,1116,1117,12079,12154,12247,166,167,170,171,172,173,1118,990,991,992,993,994,1112,1114,12251,83,176,177,178,179,180,181,182,183,186,188,190,191,192,193,194,195,196,1233,1289,1723,1725,1726,12083,12084,198,199,200,207,211,212,213,460,1071,1271,1728,10942,202,203,204,206,1208,208,210,1689,1006,1007,1008,1009,1209,1267,1685,11027,11882,11886,12760,1000,1001,1002,1003,1004,1005,11400,215,237,257,1070,12232,216,218,221,224,228,230,231,232,233,234,236,457,1285,1702,12075,12080,12081,12085,12087,12119,12153,1230,1231,1232,238,239,240,241,242,251,1701,12139,12357,258,261,264,12082,1072,1145,12132,12391,150,155,1107,151,152,153,154,12088,156,157,229,10980,10981,12078,12231,12246,7,22,26,436,1067,27,50,62,28,29,30,31,32,34,35,37,38,39,40,41,44,45,46,47,48,49,1707,1709,12086,12375,12376,12541,12761,12763,12764,51,52,53,54,55,56,57,58,59,60,61,1122,1294,1295,12226,12227,12228,12229,12233,12234,12369,12371,12372,12373,12374,12762,63,64,65,66,69,72,74,76,77,79,80,81,82,84,85,86,87,89,90,91,92,93,94,95,96,97,98,99,100,107,108,110,111,112,113,114,115,118,119,120,121,122,123,124,127,128,129,134,135,136,137,138,140,141,142,143,144,145,244,1124,1269,1296,1297,1682,1683,11397,11555,11556,12137,12138,12370,12389,12390,976,980,985,986,987,988,1125,1126,1202,12134,12135"
"5";"SUPERIOR TRIBUNAL DE JUSTIÇA";"STJ";"";"1013,1015,1016,1017,1018,1019,1020,1021,1022,1023,1024,1025,1026,1027,1028,1029,1030,1031,1032,1033,1034,1035,1036,1037,1038,1040,1042,1044,1045,1046,1047,1049,1053,1054,1057,1062,1063,1064,1066,1137,1669,1670,1671,1672,1673,1674,1675,1677,1678,1679,1720,1721,1722,11881,11956,12118,12250"
"7";"Procedimento Comum Cível";"ProceComCiv";"1107.0";""
"22";"Procedimento Sumário";"ProSum";"1107.0";""
"26";"Procedimentos Especiais";"ProEsp";"1107.0";"27,50,62,28,29,30,31,32,34,35,37,38,39,40,41,44,45,46,47,48,49,1707,1709,12086,12375,12376,12541,12761,12763,12764,51,52,53,54,55,56,57,58,59,60,61,1122,1294,1295,12226,12227,12228,12229,12233,12234,12369,12371,12372,12373,12374,12762,63,64,65,66,69,72,74,76,77,79,80,81,82,84,85,86,87,89,90,91,92,93,94,95,96,97,98,99,100,107,108,110,111,112,113,114,115,118,119,120,121,122,123,124,127,128,129,134,135,136,137,138,140,141,142,143,144,145,244,1124,1269,1296,1297,1682,1683,11397,11555,11556,12137,12138,12370,12389,12390"
"27";"Procedimentos Especiais de Jurisdição Contenciosa";"PEJC";"26.0";"28,29,30,31,32,34,35,37,38,39,40,41,44,45,46,47,48,49,1707,1709,12086,12375,12376,12541,12761,12763,12764"
"28";"Anulação e Substituição de Títulos ao Portador";"ASTP";"27.0";""
"29";"Apreensão e Depósito de Coisa Vendida com Reserva de Domínio";"ADCVRD";"27.0";""
"30";"Arrolamento Comum";"ArrCom";"27.0";""
"31";"Arrolamento Sumário";"ArrSum";"27.0";""
"32";"Consignação em Pagamento";"ConPag";"27.0";""
"34";"Demarcação / Divisão";"DemDiv";"27.0";""
"35";"Depósito";"Deposi";"27.0";""
"37";"Embargos de Terceiro Cível";"ETCiv";"27.0";""
"38";"Habilitação";"Habili";"27.0";""
"39";"Inventário";"Invent";"27.0";""
"40";"Monitória";"Monito";"27.0";""
"41";"Nunciação de Obra Nova";"NunciObr";"27.0";""
"44";"Prestação de Contas - Oferecidas";"PrCoOf";"27.0";""
"45";"Ação de Exigir Contas";"AEC";"27.0";""
"46";"Restauração de Autos Cível";"ResAutCiv";"27.0";""
"47";"Ação Rescisória";"AR";"27.0";""
"48";"Sobrepartilha";"Sobrep";"27.0";""
"49";"Usucapião";"Usucap";"27.0";""
"50";"Procedimentos Especiais de Jurisdição Voluntária";"PEJV";"26.0";"51,52,53,54,55,56,57,58,59,60,61,1122,1294,1295,12226,12227,12228,12229,12233,12234,12369,12371,12372,12373,12374,12762"
"51";"Abertura, Registro e Cumprimento de Testamento";"ARCT";"50.0";""
"52";"Alienação Judicial de Bens";"AlJuBe";"50.0";""
"53";"Arrecadação das Coisas Vagas";"ArCoVa";"50.0";""
"54";"Confirmação de Testamento";"ConTes";"50.0";""
"55";"Declaração de Ausência";"DecAus";"50.0";""
"56";"Especialização de Hipoteca Legal";"EsHiLe";"50.0";""
"57";"Herança Jacente";"HerJac";"50.0";""
"58";"Interdição";"Interd";"50.0";""
"59";"Organização e Fiscalização de Fundação";"OrFiFu";"50.0";""
"60";"Separação Consensual";"SepCon";"50.0";""
"61";"Tutela e Curatela -  Nomeação";"TuCuNo";"50.0";""
"62";"Procedimentos Regidos por Outros Códigos, Leis Esparsas e Regimentos";"PROCLER";"26.0";"63,64,65,66,69,72,74,76,77,79,80,81,82,84,85,86,87,89,90,91,92,93,94,95,96,97,98,99,100,107,108,110,111,112,113,114,115,118,119,120,121,122,123,124,127,128,129,134,135,136,137,138,140,141,142,143,144,145,244,1124,1269,1296,1297,1682,1683,11397,11555,11556,12137,12138,12370,12389,12390"
"63";"Ação Civil Coletiva";"ACC";"62.0";""
"64";"Ação Civil de Improbidade Administrativa";"ACIA";"62.0";""
"65";"Ação Civil Pública";"ACPCiv";"62.0";""
"66";"Ação Popular";"APop";"62.0";""
"69";"Alimentos - Lei Especial Nº 5.478/68";"AlEsp";"62.0";""
"72";"Alteração do Regime de Bens";"AlReBe";"62.0";""
"74";"Alvará Judicial - Lei 6858/80";"AlvJud";"62.0";""
"76";"Apreensão de Embarcações";"AprEmb";"62.0";""
"77";"Arribadas Forçadas";"ArrFor";"62.0";""
"79";"Regulação de Avaria Grossa";"RegAvaG";"62.0";""
"80";"Avarias";"Avaria";"62.0";""
"81";"Busca e Apreensão em Alienação Fiduciária";"BAAF";"62.0";""
"82";"Cancelamento de Naturalização";"CanNat";"62.0";""
"83";"Cautelar Fiscal";"CauFis";"175.0";""
"84";"Cobrança de Cédula de Crédito Industrial";"CCCI";"62.0";""
"85";"Compromisso Arbitral";"ComArb";"62.0";""
"86";"Consignatória de Aluguéis";"ConAlu";"62.0";""
"87";"Conversão de Separação Judicial em Divórcio";"CSJD";"62.0";""
"88";"Correição Parcial ou Reclamação Correicional";"CorPar";"1198.0";""
"89";"Depósito da Lei 8. 866/94";"Depos";"62.0";""
"90";"Desapropriação";"Desapr";"62.0";""
"91";"Desapropriação Imóvel Rural por Interesse Social";"DIRIS";"62.0";""
"92";"Despejo";"Despej";"62.0";""
"93";"Despejo por Falta de Pagamento";"DeFaPa";"62.0";""
"94";"Despejo por Falta de Pagamento Cumulado Com Cobrança";"DFPCC";"62.0";""
"95";"Direta de Inconstitucionalidade";"ADI";"62.0";""
"96";"Discriminatória";"Discri";"62.0";""
"97";"Dissolução e Liquidação de Sociedade";"DiLiSo";"62.0";""
"98";"Divórcio Consensual";"DivCon";"62.0";""
"99";"Divórcio Litigioso";"DivLit";"62.0";""
"100";"Dúvida";"Duvida";"62.0";""
"107";"Expropriação da Lei 8.257/91";"Exprop";"62.0";""
"108";"Falência de Empresários, Sociedades Empresáriais, Microempresas e Empresas de Pequeno Porte";"FESEMEPP";"62.0";""
"110";"Habeas Data";"HD";"62.0";""
"111";"Habilitação de Crédito";"HabCre";"62.0";""
"112";"Homologação de Transação Extrajudicial";"HoTrEx";"62.0";""
"113";"Imissão na Posse";"ImiPos";"62.0";""
"114";"Impugnação de Crédito";"ImpCre";"62.0";""
"115";"Inquérito Extrajudicial";"InqExt";"62.0";""
"118";"Mandado de Injunção";"MI";"62.0";""
"119";"Mandado de Segurança Coletivo";"MSCol";"62.0";""
"120";"Mandado de Segurança Cível";"MSCiv";"62.0";""
"121";"Naturalização";"Natura";"62.0";""
"122";"Opção de Nacionalidade";"OpcNac";"62.0";""
"123";"Averiguação de Paternidade";"AvePat";"62.0";""
"124";"Pedido de Resposta ou Retificação da Lei de Imprensa";"PRRLI";"62.0";""
"127";"Protesto Formado a Bordo";"PrFoBo";"62.0";""
"128";"Recuperação Extrajudicial";"RecExt";"62.0";""
"129";"Recuperação Judicial";"RecJud";"62.0";""
"134";"Registro Torrens";"RegTor";"62.0";""
"135";"Relatório Falimentar";"RelFal";"62.0";""
"136";"Remição do Imóvel Hipotecado";"ReImHi";"62.0";""
"137";"Renovatória de Locação";"RenLoc";"62.0";""
"138";"Restituição de Coisa ou Dinheiro na Falência do Devedor Empresário";"RCDFDE";"62.0";""
"140";"Revisional de Aluguel";"RevAlu";"62.0";""
"141";"Separação Litigiosa";"SepLit";"62.0";""
"142";"Sonegados";"Sonega";"62.0";""
"143";"Suprimento de Idade e/ou Consentimento";"SIEC";"62.0";""
"144";"Suspensão de Liminar ou Antecipação de Tutela";"SLAT";"62.0";""
"145";"Suspensão de Execução de Sentença";"SuExSe";"62.0";""
"150";"Procedimento de Liquidação";"ProLiq";"1106.0";"151,152,153,154,12088"
"151";"Liquidação por Arbitramento";"LiqArb";"150.0";""
"152";"Liquidação de Sentença pelo Procedimento Comum";"LiqProcedCom";"150.0";""
"153";"Liquidação Provisória por Arbitramento";"LiPrAr";"150.0";""
"154";"Liquidação Provisória de Sentença pelo Procedimento Comum";"LiPrPorcedCom";"150.0";""
"155";"Procedimento de Cumprimento de Sentença/Decisão";"MPCA";"1106.0";"156,157,229,10980,10981,12078,12231,12246"
"156";"Cumprimento de sentença";"CumSen";"155.0";""
"157";"Cumprimento Provisório de Sentença";"CumPrSe";"155.0";""
"158";"Processo de Execução";"ProcExe";"2.0";"159,165,169,1068,1111,1116,1117,12079,12154,12247,166,167,170,171,172,173,1118,990,991,992,993,994,1112,1114,12251"
"159";"Execução de Título Extrajudicial";"ExTiEx";"158.0";"12079,12154,12247"
"165";"Insolvência Civil";"InsCiv";"158.0";"166,167"
"166";"Insolvência Requerida pelo Credor";"IRPC";"165.0";""
"167";"Insolvência Requerida pelo Devedor ou pelo Espólio";"IRPDPE";"165.0";""
"169";"Embargos";"Emb";"158.0";"170,171,172,173,1118"
"170";"Embargos à Adjudicação";"EAdj";"169.0";""
"171";"Embargos à Arrematação";"EArr";"169.0";""
"172";"Embargos à Execução";"EE";"169.0";""
"173";"Embargos de Retenção por Benfeitorias";"EmReBe";"169.0";""
"175";"Processo Cautelar";"ProcCau";"2.0";"83,176,177,178,179,180,181,182,183,186,188,190,191,192,193,194,195,196,1233,1289,1723,1725,1726,12083,12084"
"176";"Alimentos - Provisionais";"AliPro";"175.0";""
"177";"Apreensão de  Títulos";"AprTit";"175.0";""
"178";"Arresto ";"Arrest";"175.0";""
"179";"Arrolamento de Bens";"ArrBen";"175.0";""
"180";"Atentado";"Atent";"175.0";""
"181";"Busca e Apreensão";"BusApr";"175.0";""
"182";"Caução";"Cauçao";"175.0";""
"183";"Cautelar Inominada";"CauInom";"175.0";""
"186";"Exibição";"Exibic";"175.0";""
"188";"Homologação do Penhor Legal";"HomPen";"175.0";""
"190";"Justificação";"Justif";"175.0";""
"191";"Protesto";"Protes";"175.0";""
"192";"Posse em Nome do Nascituro";"PoNoNa";"175.0";""
"193";"Produção Antecipada da Prova";"PAP";"175.0";""
"194";"Regulamentação de Visitas";"RegVis";"175.0";""
"195";"Separação de Corpos";"SepCor";"175.0";""
"196";"Seqüestro";"Seques";"175.0";""
"197";"Recursos";"Rec";"2.0";"198,199,200,207,211,212,213,460,1071,1271,1728,10942,202,203,204,206,1208,208,210,1689,1006,1007,1008,1009,1209,1267,1685,11027,11882,11886,12760,1000,1001,1002,1003,1004,1005,11400"
"198";"Apelação Cível";"ApCiv";"197.0";""
"199";"Remessa Necessária Cível";"RemNecCiv";"197.0";""
"200";"Agravos";"Agr";"197.0";"202,203,204,206,1208"
"202";"Agravo de Instrumento";"AI";"200.0";""
"203";"Agravo de Instrumento em Recurso Especial";"AIRE";"200.0";""
"204";"Agravo de Instrumento em Recurso Extraordinário";"AIRE";"200.0";""
"206";"Agravo Regimental Cível";"AgRCiv";"200.0";""
"207";"Embargos";"Emb";"197.0";"208,210,1689"
"208";"Embargos Infringentes";"EI";"207.0";""
"210";"Embargos Infringentes na Execução Fiscal";"EIfEFis";"207.0";""
"211";"Recurso Ordinário Cível";"ROCiv";"197.0";""
"212";"Recurso Extraordinário";"RE";"197.0";""
"213";"Recurso Especial";"REsp";"197.0";""
"214";"Outros Procedimentos";"OutPro";"2.0";"215,237,257,1070,12232,216,218,221,224,228,230,231,232,233,234,236,457,1285,1702,12075,12080,12081,12085,12087,12119,12153,1230,1231,1232,238,239,240,241,242,251,1701,12139,12357,258,261,264,12082,1072,1145,12132,12391"
"215";"Incidentes";"Inc";"214.0";"216,218,221,224,228,230,231,232,233,234,236,457,1285,1702,12075,12080,12081,12085,12087,12119,12153,1230,1231,1232"
"216";"Incidente De Arguição de Inconstitucionalidade Cível";"ArgIncCiv";"215.0";""
"218";"Assistência Judiciária";"AssJud";"215.0";""
"221";"Conflito de competência cível";"CCCiv";"215.0";""
"224";"Exceções";"Exceco";"215.0";"1230,1231,1232"
"228";"Exibição de Documento ou Coisa Cível";"ExDoCoCiv";"215.0";""
"229";"Impugnação ao Cumprimento de Sentença";"ImCuSe";"155.0";""
"230";"Impugnação ao Pedido de Assistência Litisconsorcial ou Simples";"IPALS";"215.0";""
"231";"Impugnação ao Valor da Causa Cível";"IVCCiv";"215.0";""
"232";"Incidente de Falsidade";"IncFal";"215.0";""
"233";"Incidente de Uniformização de Jurisprudência";"IUJ";"215.0";""
"234";"Remoção de Inventariante";"RemInv";"215.0";""
"236";"Oposição";"Oposic";"215.0";""
"237";"Atos e expedientes";"AtoExp";"214.0";"238,239,240,241,242,251,1701,12139,12357"
"238";"Avocatória";"Avocat";"237.0";""
"239";"Habilitação para Casamento";"HabCas";"237.0";""
"240";"Instrução de Rescisória";"InsRes";"237.0";""
"241";"Petição Cível";"PetCiv";"237.0";""
"242";"Comunicação";"Cm";"237.0";""
"244";"Reclamação";"Rcl";"62.0";""
"251";"Registro de Casamento Nuncupativo";"ReCaNu";"237.0";""
"256";"Representação por Excesso de Prazo";"REP";"1198.0";""
"257";"Cartas";"Cartas";"214.0";"258,261,264,12082"
"258";"Carta de Ordem Cível";"CartOrdCiv";"257.0";""
"261";"Carta Precatória Cível";"CartPrecCiv";"257.0";""
"264";"Carta Rogatória Cível";"RogatoCiv";"257.0";""
"268";"PROCESSO CRIMINAL";"ProCri";"";"269,277,281,284,303,308,316,334,412,1727,270,274,275,276,271,278,279,280,1731,1733,12121,272,273,282,283,10943,10944,285,292,287,288,289,290,291,11798,12394,293,294,295,297,299,300,302,1710,12122,304,307,305,306,309,310,311,312,1268,10967,11793,11955,313,314,315,317,326,327,328,331,1715,1717,318,319,320,321,322,323,324,329,330,325,332,333,432,433,1178,1291,1719,11787,11788,11789,11790,11791,12077,335,355,375,413,416,417,418,419,420,421,422,424,425,426,427,428,1711,1712,1729,1730,11398"
"269";"Medidas Preparatórias";"MedPre";"268.0";"270,274,275,276"
"270";"Notícia-Crime";"Notici";"269.0";""
"271";"Representação Criminal";"RpCr";"277.0";"272,273"
"272";"Representação Criminal/Notícia de Crime";"RpCrNotCrim";"271.0";""
"273";"Pedido de Arquivamento em Representação Criminal";"PARC";"271.0";""
"274";"Interpelações";"Interp";"269.0";"275,276"
"275";"Notificação para Explicações";"NotExp";"274.0";""
"276";"Notificação para Explicações (Lei de Imprensa)";"NotExpLI";"274.0";""
"277";"Procedimentos Investigatórios";"ProcInv";"268.0";"271,278,279,280,1731,1733,12121,272,273"
"278";"Termo Circunstanciado";"TCO";"277.0";""
"279";"Inquérito Policial";"IP";"277.0";""
"280";"Auto de Prisão em Flagrante";"AuPrFl";"277.0";""
"281";"Procedimento Comum";"ProcedCom";"268.0";"282,283,10943,10944"
"282";"Ação Penal de Competência do Júri";"Juri";"281.0";""
"283";"Ação Penal - Procedimento Ordinário";"APOrd";"281.0";""
"284";"Processo Especial";"ProEsp";"268.0";"285,292,287,288,289,290,291,11798,12394,293,294,295,297,299,300,302,1710,12122"
"285";"Processo Especial do Código de Processo Penal";"PECPP";"284.0";"287,288,289,290,291,11798,12394"
"287";"Crimes de Responsabilidade dos Funcionários Públicos";"CRFP";"285.0";""
"288";"Crimes de Calúnia, Injúria e Difamação de Competência do Juiz Singular";"CCIDCJS";"285.0";""
"289";"Crimes Contra a Propriedade Imaterial";"CCPImat";"285.0";""
"290";"Processo Sumário (Detenção)";"PrSuD";"285.0";""
"291";"Restauração de Autos Criminal";"ResAutCrim";"285.0";""
"292";"Processo Especial de Leis Esparsas";"PELE";"284.0";"293,294,295,297,299,300,302,1710,12122"
"293";"Crimes Ambientais";"CriAmb";"292.0";""
"294";"Crimes Contra a Propriedade Industrial";"CCPInd";"292.0";""
"295";"Crimes Contra a Propriedade Intelectual";"CCPInt";"292.0";""
"297";"Crimes de Imprensa";"CriImp";"292.0";""
"299";"Procedimento do Juizado Especial Criminal - Sumariíssimo";"ProSum";"292.0";""
"300";"Procedimento Especial da Lei Antitóxicos";"PrEsAn";"292.0";""
"302";"Procedimento Especial dos Crimes de Abuso de Autoridade";"PECAA";"292.0";""
"303";"Medidas Garantidoras";"MedGar";"268.0";"304,307,305,306"
"304";"Liberdade";"Liberd";"303.0";"305,306"
"305";"Liberdade Provisória com ou sem fiança";"LibProv";"304.0";""
"306";"Relaxamento de Prisão";"RelPri";"304.0";""
"307";"Habeas Corpus Criminal";"HCCrim";"303.0";""
"308";"Medidas Cautelares";"MedCau";"268.0";"309,310,311,312,1268,10967,11793,11955,313,314,315"
"309";"Pedido de Busca e Apreensão Criminal";"PBACrim";"308.0";""
"310";"Pedido de Quebra de Sigilo de Dados e/ou Telefônico";"QuebSig";"308.0";""
"311";"Medidas Investigatórias Sobre Organizações Criminosas";"MISOC";"308.0";""
"312";"Pedido de Prisão";"PedPri";"308.0";"313,314,315"
"313";"Pedido de Prisão Preventiva";"PePrPr";"312.0";""
"314";"Pedido de Prisão Temporária";"PePrTe";"312.0";""
"315";"Pedido de Prisão/ Liberdade Vigiada para Fins de Expulsão";"PedPrisLVExpuls";"312.0";""
"316";"Questões e Processos Incidentes";"QuPrIn";"268.0";"317,326,327,328,331,1715,1717,318,319,320,321,322,323,324,329,330,325,332,333,432,433,1178,1291,1719,11787,11788,11789,11790,11791,12077"
"317";"Exceções";"Exc";"316.0";"318,319,320,321,322,323,324"
"318";"Exceção de Suspeição";"ExcSuspei";"317.0";""
"319";"Exceção de Incompetência de Juízo";"ExcInc";"317.0";""
"320";"Exceção de Litispendência";"Litisp";"317.0";""
"321";"Exceção de Ilegitimidade de Parte";"IlePar";"317.0";""
"322";"Exceção de Coisa Julgada";"CoiJul";"317.0";""
"323";"Exceção de Impedimento";"ExcImpedi";"317.0";""
"324";"Exceção da Verdade";"Verdad";"317.0";""
"325";"Conflito de Jurisdição";"ConfJurisd";"331.0";""
"326";"Restituição de Coisas Apreendidas";"ReCoAp";"316.0";""
"327";"Embargos de Terceiro Criminal";"ETCrim";"316.0";""
"328";"Medidas Assecuratórias";"MedAss";"316.0";"329,330"
"329";"Seqüestro";"Seques";"328.0";""
"330";"Arresto / Hipoteca Legal";"ArrHipLeg";"328.0";""
"331";"Incidentes";"Inc";"316.0";"325,332,333,432,433,1178,1291,1719,11787,11788,11789,11790,11791,12077"
"332";"Incidente de Falsidade";"IncFal";"331.0";""
"333";"Insanidade Mental do Acusado";"InsanAc";"331.0";""
"334";"Cartas";"Cartas";"268.0";"335,355,375"
"335";"Carta de Ordem Criminal";"CartOrdCrim";"334.0";""
"355";"Carta Precatória Criminal";"CartPrecCrim";"334.0";""
"375";"Carta Rogatória Criminal";"RogatoCrim";"334.0";""
"385";"EXECUÇÃO PENAL E DE MEDIDAS ALTERNATIVAS";"ExeCri";"";"386,406,1714,11399,12727,12728,12729,407,408,409,410,411,1283,1284,1288,11957,12089,12123,12124,12125,12126,12127,12128,12129"
"386";"Execução da Pena";"ExPe";"385.0";""
"406";"Incidentes";"Inc";"385.0";"407,408,409,410,411,1283,1284,1288,11957,12089,12123,12124,12125,12126,12127,12128,12129"
"407";"Conversão de Pena";"Conver";"406.0";""
"408";"Excesso ou Desvio";"ExcDes";"406.0";""
"409";"Anistia";"Anisti";"406.0";""
"410";"Indulto";"Indult";"406.0";""
"411";"Comutação de Pena";"ComPen";"406.0";""
"412";"Recursos";"Rec";"268.0";"413,416,417,418,419,420,421,422,424,425,426,427,428,1711,1712,1729,1730,11398"
"413";"Agravo de Execução Penal";"AgExPe";"412.0";""
"416";"Apelação em Mandado de Segurança";"ApMS";"412.0";""
"417";"Apelação Criminal";"ApCrim";"412.0";""
"418";"Carta Testemunhável";"CT";"412.0";""
"419";"Correição Parcial Criminal";"CorPar";"412.0";""
"420";"Embargos de Declaração Criminal";"EDCrim";"412.0";""
"421";"Embargos Infringentes e de Nulidade";"EIfNu";"412.0";""
"422";"Protesto por Novo Júri";"PrNoJu";"412.0";""
"424";"Recurso de Medida Cautelar Criminal";"";"412.0";""
"425";"Recurso de Sentença Criminal";"RSCr";"412.0";""
"426";"Recurso em Sentido Estrito";"";"412.0";""
"427";"Remessa Necessária Criminal";"RemNecCrim";"412.0";""
"428";"Revisão Criminal";"RvC";"412.0";""
"432";"Desaforamento de Julgamento";"Desafor";"331.0";""
"433";"Incidente de Uniformização de Jurisprudência";"IUJ";"331.0";""
"436";"Procedimento do Juizado Especial Cível";"PJEC";"1107.0";""
"457";"Pedido de Uniformização de Interpretação de Lei Cível";"PUILCiv";"215.0";""
"460";"Recurso Inominado Cível";"RecInoCiv";"197.0";""
"547";"JUIZADOS DA INFÂNCIA E DA JUVENTUDE";"JuizInfJuv";"";"1385,1459,1386,1430,1436,1450,10969,11026,1389,1390,1391,1392,1396,1399,1401,1412,1414,1415,1417,1420,1424,1425,1426,1690,1691,1703,1704,1705,1706,10933,12070,12076,12230,1432,1434,1435,1438,1440,1451,1455,10970,10971,10972,10973,10974,12386,12388,10975,10976,10977,1460,1464,1465,1473,10960,10979,11794,12071,12120,1461,1462,1463,11976,1466,1467,1468,1469,1470,1471,1472,1474,1478,12072,12073,12074,12423,12424"
"976";"Ação Anulatória de Cláusulas Convencionais";"AACC";"1067.0";""
"980";"Ação de Cumprimento";"ACum";"1067.0";""
"985";"Ação Trabalhista - Rito Ordinário";"ATOrd";"1067.0";""
"986";"Inquérito para Apuração de Falta Grave";"IAFG";"1067.0";""
"987";"Dissídio Coletivo";"DC";"1067.0";""
"988";"Dissídio Coletivo de Greve";"DCG";"1067.0";""
"990";"Execução de Título Extrajudicial";"ExTiEx";"1068.0";""
"991";"Execução de Termo de Ajuste de Conduta";"ExTAC";"1068.0";""
"992";"Execução de Termo de Conciliação de CCP";"ExCCP";"1068.0";""
"993";"Execução de Certidão de Crédito Judicial";"ExCCJ";"1068.0";""
"994";"Execução Provisória em Autos Suplementares";"ExProvAS";"1068.0";""
"1000";"Agravo";"Ag";"1209.0";""
"1001";"Agravo de Instrumento em Agravo de Petição";"AIAP";"1209.0";""
"1002";"Agravo de Instrumento em Recurso de Revista";"AIRR";"1209.0";""
"1003";"Agravo de Instrumento em Recurso Ordinário";"AIRO";"1209.0";""
"1004";"Agravo de Petição";"AP";"1209.0";""
"1005";"Agravo Regimental Trabalhista";"AgRT";"1209.0";""
"1006";"Embargos";"Emb";"1071.0";""
"1007";"Embargos Infringentes";"EIT";"1071.0";""
"1008";"Recurso de Revista";"RR";"1071.0";""
"1009";"Recurso Ordinário Trabalhista";"ROT";"1071.0";""
"1013";"Agravo em Recurso de Habeas Corpus";"AgRHC";"5.0";""
"1015";"Embargos de Divergência em Recurso de Mandado de Segurança";"EmbDivRMS";"5.0";""
"1016";"Embargos de Divergência em Agravo Regimental";"EmbAI";"5.0";""
"1017";"Embargos à Execução em Mandado de Segurança";"EmbExeMS";"5.0";""
"1018";"Embargos à Execução em Ação Recisoria";"EmbExeAr";"5.0";""
"1019";"Embargos à Execução em Medida Cautelar";"EmbExecMC";"5.0";""
"1020";"Execução em Ação Rescisória";"ExeAR";"5.0";""
"1021";"Execução em Sentença Estrangeira";"ExeSE";"5.0";""
"1022";"Execução em Sentença Estrangeira Contestada";"ExeSEC";"5.0";""
"1023";"Execução em Mandado de Segurança";"ExeMS";"5.0";""
"1024";"Execução em Medida Cautelar";"ExeMC";"5.0";""
"1025";"Incidente de Deslocamento de Competência ";"IDC";"5.0";""
"1026";"Sentença Estrangeira";"SE";"5.0";""
"1027";"Sentença Estrangeira Contestada";"SEC";"5.0";""
"1028";"Sindicância";"SD";"5.0";""
"1029";"Mandado de Segurança";"MS";"5.0";""
"1030";"Reclamação";"Rcl";"5.0";""
"1031";"Recurso Ordinário";"RO";"5.0";""
"1032";"Recurso Especial";"REsp";"5.0";""
"1033";"Ação Penal";"AP";"5.0";""
"1034";"Interpelação Judicial";"IJ";"5.0";""
"1035";"Apelação Cível";"ApC";"5.0";""
"1036";"Suspensão de Liminar e de Sentença";"SLS";"5.0";""
"1037";"Embargos Infringentes em Apelação Cível";"EmbInfAC";"5.0";""
"1038";"Representação";"Rp";"5.0";""
"1040";"Requisição de Pequeno Valor";"RPV";"5.0";""
"1042";"Inquérito";"Inq";"5.0";""
"1044";"Agravo de Instrumento";"AI";"5.0";""
"1045";"Agravo em Recurso Extraordinário";"AgRE";"5.0";""
"1046";"Agravo em Recurso de Mandado de Segurança";"AgRMS";"5.0";""
"1047";"Carta Rogatória";"Rog";"5.0";""
"1049";"Habeas Data";"HD";"5.0";""
"1053";"Conflito de Atribuição";"CAt";"5.0";""
"1054";"Conflito de Competência";"CC";"5.0";""
"1057";"Petição";"Pet";"5.0";""
"1062";"Medida Cautelar";"MC";"5.0";""
"1063";"Exceção da Verdade";"ExVerd";"5.0";""
"1064";"Remessa Necessária em Habeas Corpus";"ROHC";"5.0";""
"1066";"Embargos Infringentes em Ação Rescisória";"EmbInfAR";"5.0";""
"1067";"Procedimentos Trabalhistas";"ProcedTrab";"1107.0";"976,980,985,986,987,988,1125,1126,1202"
"1068";"Processo de Execução Trabalhista";"ProcExeTrab";"158.0";"990,991,992,993,994"
"1070";"Incidentes Trabalhistas";"IncTra";"214.0";"1072,1145,12132,12391"
"1071";"Recursos Trabalhistas";"RecTrab";"197.0";"1006,1007,1008,1009,1209,1267,1685,11027,11882,11886,12760,1000,1001,1002,1003,1004,1005,11400"
"1072";"Pedido de Revisão do Valor da Causa";"PRVC";"1070.0";""
"1106";"Processo de Conhecimento";"ProcCon";"2.0";"150,155,1107,151,152,153,154,12088,156,157,229,10980,10981,12078,12231,12246,7,22,26,436,1067,27,50,62,28,29,30,31,32,34,35,37,38,39,40,41,44,45,46,47,48,49,1707,1709,12086,12375,12376,12541,12761,12763,12764,51,52,53,54,55,56,57,58,59,60,61,1122,1294,1295,12226,12227,12228,12229,12233,12234,12369,12371,12372,12373,12374,12762,63,64,65,66,69,72,74,76,77,79,80,81,82,84,85,86,87,89,90,91,92,93,94,95,96,97,98,99,100,107,108,110,111,112,113,114,115,118,119,120,121,122,123,124,127,128,129,134,135,136,137,138,140,141,142,143,144,145,244,1124,1269,1296,1297,1682,1683,11397,11555,11556,12137,12138,12370,12389,12390,976,980,985,986,987,988,1125,1126,1202"
"1107";"Procedimento de Conhecimento";"ProcedCon";"1106.0";"7,22,26,436,1067,27,50,62,28,29,30,31,32,34,35,37,38,39,40,41,44,45,46,47,48,49,1707,1709,12086,12375,12376,12541,12761,12763,12764,51,52,53,54,55,56,57,58,59,60,61,1122,1294,1295,12226,12227,12228,12229,12233,12234,12369,12371,12372,12373,12374,12762,63,64,65,66,69,72,74,76,77,79,80,81,82,84,85,86,87,89,90,91,92,93,94,95,96,97,98,99,100,107,108,110,111,112,113,114,115,118,119,120,121,122,123,124,127,128,129,134,135,136,137,138,140,141,142,143,144,145,244,1124,1269,1296,1297,1682,1683,11397,11555,11556,12137,12138,12370,12389,12390,976,980,985,986,987,988,1125,1126,1202"
"1111";"Execução de Título Judicial";"ExTiJu";"158.0";"1112,1114,12251"
"1112";"Execução de Alimentos";"ExeAli";"1111.0";""
"1114";"Execução Contra a Fazenda Pública";"ECFP";"1111.0";""
"1116";"Execução Fiscal";"ExFis";"158.0";""
"1117";"Execução Hipotecária do Sistema Financeiro da Habitação";"ExHipSFH";"158.0";""
"1118";"Embargos à Execução Fiscal";"EEFis";"169.0";""
"1122";"Tutela e Curatela - Remoção e Dispensa";"TCRD";"50.0";""
"1124";"Justificação de Dinheiro a Risco";"JuDiRi";"62.0";""
"1125";"Ação Trabalhista - Rito Sumaríssimo";"ATSum";"1067.0";""
"1126";"Ação Trabalhista - Rito Sumário (Alçada)";"ATAlc";"1067.0";""
"1137";"Embargos de Divergência em Recurso Especial";"EmbDivREsp";"5.0";""
"1145";"Conflito de Competência";"CC";"1070.0";""
"1178";"Incidente de Arguição de Inconstitucionalidade Criminal";"ArgInc";"331.0";""
"1198";"PROCEDIMENTOS ADMINISTRATIVOS";"ProcAdm";"";"88,256,1199,1262,1264,1265,1266,1298,1299,1301,1303,1304,1306,1307,1308,1680,11887,11888,11889,11890,11891,11892,11893,11894,11953,12248"
"1199";"Pedido de Providências";"PP";"1198.0";""
"1202";"Reclamação";"Rcl";"1067.0";""
"1208";"Agravo Interno Cível";"AgIntCiv";"200.0";""
"1209";"Agravos";"Ag";"1071.0";"1000,1001,1002,1003,1004,1005,11400"
"1230";"Exceção de Impedimento";"ExcImp";"224.0";""
"1231";"Exceção de Suspeição";"ExcSusp";"224.0";""
"1232";"Exceção de Incompetência";"ExcInc";"224.0";""
"1233";"Efeito Suspensivo";"ES";"175.0";""
"1262";"Processo Administrativo Disciplinar em face de Servidor";"PADServ";"1198.0";""
"1264";"Processo Administrativo Disciplinar em face de Magistrado";"PADMag";"1198.0";""
"1265";"Precatório";"Precat";"1198.0";""
"1266";"Requisição de Pequeno Valor";"RPV";"1198.0";""
"1267";"Recurso de Multa";"RM";"1071.0";""
"1268";"Medidas Protetivas de urgência (Lei Maria da Penha) Criminal";"MPUMPCrim";"308.0";""
"1269";"Habeas Corpus Cível";"HCCiv";"62.0";""
"1271";"Recurso de Medida Cautelar Cível";"ReMeCaCiv";"197.0";""
"1283";"Superveniência de doença mental";"SuDoMe";"406.0";""
"1284";"Unificação de penas";"UniPen";"406.0";""
"1285";"Conflito de atribuição";"CA";"215.0";""
"1288";"Transferência entre estabelecimentos penais";"TEEP";"406.0";""
"1289";"Outras medidas provisionais";"OuMePr";"175.0";""
"1291";"Reabilitação";"Reabil";"331.0";""
"1294";"Outros procedimentos de jurisdição voluntária";"OPJV";"50.0";""
"1295";"Alvará Judicial";"Alvará";"50.0";""
"1296";"Declaratória de Constitucionalidade";"ADC";"62.0";""
"1297";"Intervenção em Município";"IntMun";"62.0";""
"1298";"Processo Administrativo";"PA";"1198.0";""
"1299";"Recurso Administrativo";"RecAdm";"1198.0";""
"1301";"Reclamação Disciplinar";"RD";"1198.0";""
"1303";"Correição Extraordinária";"CorExt";"1198.0";""
"1304";"Inspeção";"Insp";"1198.0";""
"1306";"Recurso em Processo Administrativo Disciplinar em face de Servidor";"RPADServ";"1198.0";""
"1307";"Correição Ordinária";"CorOrd";"1198.0";""
"1308";"Sindicância";"Sind";"1198.0";""
"1310";"SUPREMO TRIBUNAL FEDERAL";"STF";"";"1311,1312,1313,1314,1315,1316,1317,1318,1319,1320,1321,1322,1323,1324,1325,1326,1327,1328,1329,1330,1331,1332,1333,1334,1335,1336,1337,1338,1339,1340,1341,1342,1343,1344,1345,1346,1347,1348,1349,1350,1351,1352,1353,1354,1355,11880,12117,12190,12191,12192,12249,12775,12776,12777,12778,12779,12780,12781,12782,12783,12784,12785,12786,12788,12789,12790,12791,1356,1357,1358,1359,1360,1361,1362,1363,1364,1365,1366,1367,1368,1369,1370,1371,1372,1373,1374,1375,1376,1377,1378,1379,1380,1381,1382,1383,1384,12787"
"1311";"Ação Cautelar";"AC";"1310.0";""
"1312";"Ação  Originária";"ACO";"1310.0";""
"1313";"Ação Declaratória de Constitucionalidade";"ADC";"1310.0";""
"1314";"Ação Direta de Inconstitucionalidade";"ADI";"1310.0";""
"1315";"Ação Cível Originária";"AO";"1310.0";""
"1316";"Ação Originária Especial";"AOE";"1310.0";""
"1317";"Ação Penal";"AP";"1310.0";""
"1318";"Ação Rescisória";"AR";"1310.0";""
"1319";"Agravo Interno";"AgIn";"1310.0";""
"1320";"Agravo de Instrumento";"AI";"1310.0";""
"1321";"Agravo Regimental";"AgR";"1310.0";""
"1322";"Arguição de Descumprimento de Preceito Fundamental";"ADPF";"1310.0";""
"1323";"Arguição de Suspeição";"AS";"1310.0";""
"1324";"Carta Rogatória";"Rogato";"1310.0";""
"1325";"Comunicação";"Cm";"1310.0";""
"1326";"Conflito de Competência";"CC";"1310.0";""
"1327";"Embargos de Declaração";"ED";"1310.0";""
"1328";"Embargos Divergentes";"EDv";"1310.0";""
"1329";"Embargos Infringentes";"EI";"1310.0";""
"1330";"Extradição";"Ext";"1310.0";""
"1331";"Habeas Corpus";"HC";"1310.0";""
"1332";"Habeas Data";"HD";"1310.0";""
"1333";"Inquerito";"Inq";"1310.0";""
"1334";"Intervenção Federal";"IF";"1310.0";""
"1335";"Mandado de Injunção";"MI";"1310.0";""
"1336";"Mandado de Segurança";"MS";"1310.0";""
"1337";"Medida Cautelar";"MC";"1310.0";""
"1338";"Petição";"Pet";"1310.0";""
"1339";"Prisão Preventiva para Extradição";"PPE";"1310.0";""
"1340";"Processo Administrativo";"PAdm";"1310.0";""
"1341";"Questão de Ordem";"QO";"1310.0";""
"1342";"Reclamação";"Rcl";"1310.0";""
"1343";"Recurso Criminal";"RC";"1310.0";""
"1344";"Recurso em Habeas Corpus";"RHC";"1310.0";""
"1345";"Recurso em Habeas Data";"RHD";"1310.0";""
"1346";"Recurso em Mandado de Injunção";"RMI";"1310.0";""
"1347";"Recurso em Mandado de Segurança";"RMS";"1310.0";""
"1348";"Recurso Extraordinário";"RE";"1310.0";""
"1349";"Revisão Criminal";"RvC";"1310.0";""
"1350";"Sentença Estrangeira";"SE";"1310.0";""
"1351";"Sentença Estrangeira Contestada";"SEC";"1310.0";""
"1352";"Suspensão de Liminar";"SL";"1310.0";""
"1353";"Suspensão de Segurança";"SS";"1310.0";""
"1354";"Suspensão de Tutela Provisória";"STP";"1310.0";""
"1355";"Siglas dos Processos Extintos";"SProcExt";"1310.0";"1356,1357,1358,1359,1360,1361,1362,1363,1364,1365,1366,1367,1368,1369,1370,1371,1372,1373,1374,1375,1376,1377,1378,1379,1380,1381,1382,1383,1384"
"1356";"Ação Ordinária Regressiva";"AOR";"1355.0";""
"1357";"Ação Regressiva";"ARg";"1355.0";""
"1358";"Apelação Cível";"ACi";"1355.0";""
"1359";"Apelação Criminal";"ACr";"1355.0";""
"1360";"Arguição de Relevância";"ARv";"1355.0";""
"1361";"Carta Testemunhável";"CT";"1355.0";""
"1362";"Conflito de Atribuições";"CA";"1355.0";""
"1363";"Conflito de Jurisdição";"CJ";"1355.0";""
"1364";"Denúncia";"Den";"1355.0";""
"1365";"Embargos Remetidos";"ER";"1355.0";""
"1366";"Exceção da Verdade";"EV";"1355.0";""
"1367";"Exceção de Suspeição";"ES";"1355.0";""
"1368";"Inquérito Administrativo";"IA";"1355.0";""
"1369";"Inquérito Policial";"IP";"1355.0";""
"1370";"Inquérito Policial Especial";"IPE";"1355.0";""
"1371";"Interpelação";"Int";"1355.0";""
"1372";"Liquidação de Sentença";"LS";"1355.0";""
"1373";"Notificação";"Not";"1355.0";""
"1374";"Pedido de Avocação";"PAv";"1355.0";""
"1375";"Processo Crime";"PC";"1355.0";""
"1376";"Processo Judicial";"PJ";"1355.0";""
"1377";"Queixa Crime";"QC";"1355.0";""
"1378";"Recurso de Apreensão de Livro";"RAL";"1355.0";""
"1379";"Recurso de Liquidação de Sentença";"RLS";"1355.0";""
"1380";"Recurso de Revista";"RR";"1355.0";""
"1381";"Representação";"Rp";"1355.0";""
"1382";"Retificação de Nome Estrangeiro";"RNE";"1355.0";""
"1383";"Sentença Arbitral";"SA";"1355.0";""
"1384";"Suspensão de Direitos";"SD";"1355.0";""
"1385";"Seção Cível";"SecCiv";"547.0";"1386,1430,1436,1450,10969,11026,1389,1390,1391,1392,1396,1399,1401,1412,1414,1415,1417,1420,1424,1425,1426,1690,1691,1703,1704,1705,1706,10933,12070,12076,12230,1432,1434,1435,1438,1440,1451,1455,10970,10971,10972,10973,10974,12386,12388,10975,10976,10977"
"1386";"Processo de Conhecimento";"ProCon";"1385.0";"1389,1390,1391,1392,1396,1399,1401,1412,1414,1415,1417,1420,1424,1425,1426,1690,1691,1703,1704,1705,1706,10933,12070,12076,12230"
"1389";"Ação de Alimentos";"AAlim";"1386.0";""
"1390";"Revisão Judicial de Decisão do Conselho Tutelar";"RJDCT";"1386.0";""
"1391";"Apuração de Irregularidades em Entidades de Atendimento";"AIEA";"1386.0";""
"1392";"Apuração de Infração Administrativa às Normas de Proteção à Criança ou Adolescente";"AIANPCA";"1386.0";""
"1396";"Tutela Infância e Juventude";"TutelaIJ";"1386.0";""
"1399";"Tutela c/c Destituição do Poder Familiar";"TDPF";"1386.0";""
"1401";"Adoção";"Adocao";"1386.0";""
"1412";"Adoção c/c Destituição do Poder Familiar";"AdoDPF";"1386.0";""
"1414";"Suprimento de Capacidade ou de Consentimento para Casar";"SICMPPC";"1386.0";""
"1415";"Emancipação";"Emanci";"1386.0";""
"1417";"Regularização de Registro Civil";"RegRegCiv";"1386.0";""
"1420";"Guarda";"Guarda";"1386.0";""
"1424";"Providência ";"Prov";"1386.0";""
"1425";"Prestação de Contas Infância e Juventude";"PreConIJ";"1386.0";""
"1426";"Perda ou Suspensão do Poder Familiar";"PeSusPodFam";"1386.0";""
"1430";"Processo de Execução";"ProExe";"1385.0";"1432,1434,1435"
"1432";"Execução de Alimentos Infância e Juventude";"ExeAliIJ";"1430.0";""
"1434";"Execução de Medida de Proteção à Criança e Adolescente";"MPCA";"1430.0";""
"1435";"Execução de Multa";"ExeMul";"1430.0";""
"1436";"Processos Cautelares";"ProCau";"1385.0";"1438,1440"
"1438";"Busca e Apreensão Infância e Juventude";"BusAprIJ";"1436.0";""
"1440";"Cautelar Inominada Infância e Juventude";"CauInoIJ";"1436.0";""
"1450";"Cartas";"Cartas";"1385.0";"1451,1455"
"1451";"Carta de Ordem Infância e Juventude";"CartOrdIJ";"1450.0";""
"1455";"Carta Precatória Infância e Juventude";"CartPrecIJ";"1450.0";""
"1459";"Seção Infracional";"SecInfr";"547.0";"1460,1464,1465,1473,10960,10979,11794,12071,12120,1461,1462,1463,11976,1466,1467,1468,1469,1470,1471,1472,1474,1478,12072,12073,12074,12423,12424"
"1460";"Procedimentos Investigatórios";"ProcInv";"1459.0";"1461,1462,1463,11976"
"1461";"Auto de Apreensão em Flagrante";"AuApFl";"1460.0";""
"1462";"Relatório de Investigações";"RelInv";"1460.0";""
"1463";"Boletim de Ocorrência Circunstanciada";"BoOcCi";"1460.0";""
"1464";"Processo de Apuração de Ato Infracional";"PrApAtInfr";"1459.0";""
"1465";"Execução de Medidas Sócio-Educativas";"ExMeSo";"1459.0";"1466,1467,1468,1469,1470,1471,1472"
"1466";"Internação com Atividades Externas";"InAtEx";"1465.0";""
"1467";"Internação sem Atividades Externas";"InAtEx";"1465.0";""
"1468";"Semiliberdade";"Semili";"1465.0";""
"1469";"Liberdade Assistida";"LibAss";"1465.0";""
"1470";"Prestação de Serviços a Comunidade";"PrSeCo";"1465.0";""
"1471";"Obrigação de Reparar o Dano";"ObReDa";"1465.0";""
"1472";"Advertência ";"Advert";"1465.0";""
"1473";"Cartas";"Cartas";"1459.0";"1474,1478"
"1474";"Carta de Ordem Infracional";"CartOrdInfr";"1473.0";""
"1478";"Carta Precatória Infracional";"CartPrecInfr";"1473.0";""
"1669";"Ação Rescisória";"AR";"5.0";""
"1670";"Ação de Improbidade Administrativa";"AIA";"5.0";""
"1671";"Comunicação";"Com";"5.0";""
"1672";"Exceção de Impedimento";"ExImp";"5.0";""
"1673";"Exceção de Suspeição";"ExSusp";"5.0";""
"1674";"Intervenção Federal";"IF";"5.0";""
"1675";"Mandado de Injunção";"MI";"5.0";""
"1677";"Precatório";"Prc";"5.0";""
"1678";"Revisão Criminal";"RvCr";"5.0";""
"1679";"Suspensão de Segurança";"SS";"5.0";""
"1680";"Consulta Administrativa";"ConsAdm";"1198.0";""
"1682";"Retificação ou Suprimento ou Restauração de Registro Civil";"RSRRC";"62.0";""
"1683";"Retificação de Registro de Imóvel";"RetRegIm";"62.0";""
"1685";"Remessa Necessária Trabalhista";"RemNecTrab";"1071.0";""
"1689";"Embargos de Declaração Cível";"EDCiv";"207.0";""
"1690";"Ação Civil Pública Infância e Juventude";"ACPIJ";"1386.0";""
"1691";"Mandado de Segurança Infância e Juventude";"MSInfJuvCiv";"1386.0";""
"1701";"Nomeação de Advogado";"NomAdv";"237.0";""
"1702";"Impugnação de Assistência Judiciária";"";"215.0";""
"1703";"Autorização judicial";"AutoJud";"1386.0";""
"1704";"Embargos de Terceiro Infância e Juventude";"ETIJ";"1386.0";""
"1705";"Remoção, modificação  e dispensa de tutor ou curador";"RemModDisTutCur";"1386.0";""
"1706";"Procedimento Comum Infância e Juventude";"ProcComIJ";"1386.0";""
"1707";"Reintegração / Manutenção de Posse";"RtMtPosse";"27.0";""
"1709";"Interdito Proibitório";"Interdito";"27.0";""
"1710";"Mandado de Segurança Criminal";"MSCrim";"292.0";""
"1711";"Agravo de Instrumento em Recurso Especial";"AIREsp";"412.0";""
"1712";"Agravo de Instrumento em Recurso Extraordinário";"";"412.0";""
"1714";"Execução Provisória";"ExeProv";"385.0";""
"1715";"Embargos do Acusado";"EmbAc";"316.0";""
"1717";"Alienação de Bens do Acusado";"AlienBAc";"316.0";""
"1719";"Avaliação para atestar dependência de drogas";"AvalDep";"331.0";""
"1720";"Habeas Corpus";"HC";"5.0";""
"1721";"Recurso Ordinário em Mandado de Segurança";"ROMS";"5.0";""
"1722";"Recurso Ordinário em Habeas Corpus";"ROHC";"5.0";""
"1723";"Contraprotesto Judicial";"CProt";"175.0";""
"1725";"Notificação";"Notif";"175.0";""
"1726";"Interpelação";"Inter";"175.0";""
"1727";"Petição Criminal";"PetCrim";"268.0";""
"1728";"Apelação / Remessa Necessária";"ApelRemNec";"197.0";""
"1729";"Agravo Regimental Criminal";"ArRCrim";"412.0";""
"1730";"Recurso Ordinário Criminal";"";"412.0";""
"1731";"Investigação contra magistrado";"InvMag";"277.0";""
"1733";"Procedimento Investigatório Criminal (PIC-MP) ";"PICMP";"277.0";""
"10933";"Habilitação para Adoção";"HabAdo";"1386.0";""
"10942";"Correição Parcial Cível";"CorreParcCiv";"197.0";""
"10943";"Ação Penal - Procedimento Sumário";"APSum";"281.0";""
"10944";"Ação Penal - Procedimento Sumaríssimo";"APSumss";"281.0";""
"10960";"Incidente de Sanidade Mental";"IncSaniMen";"1459.0";""
"10967";"Medidas Protetivas - Estatuto do Idoso Criminal ";"MedProtEICrim";"308.0";""
"10969";"Incidentes";"Inc";"1385.0";"10970,10971,10972,10973,10974,12386,12388,10975,10976,10977"
"10970";"Conflito de Competência Infância e Juventude";"CCIJ";"10969.0";""
"10971";"Exceções";"Exc";"10969.0";"10975,10976,10977"
"10972";"Exibição de Documento ou Coisa Infância e Juventude";"ExiDocCoiIJ";"10969.0";""
"10973";"Impugnação ao Valor da Causa Infância e Juventude";"ImpVCIJ";"10969.0";""
"10974";"Incidente de Falsidade Infância e Juventude";"IncFalIJ";"10969.0";""
"10975";"Exceção de Impedimento Infância e Juventude";"ExcImpIJ";"10971.0";""
"10976";"Exceção de Incompetência Infância e Juventude";"ExcIncIJ";"10971.0";""
"10977";"Exceção de Suspeição Infância e Juventude";"ExcSusIJ";"10971.0";""
"10979";"Petição Infracional";"PetInfJuvInfr";"1459.0";""
"10980";"Cumprimento Provisório de Decisão";"CumPrDec";"155.0";""
"10981";"Impugnação ao Cumprimento  de Decisão";"";"155.0";""
"11026";"Petição Infância e Juventude Cível";"PetIJ";"1385.0";""
"11027";"Remessa Necessária / Recurso Ordinário";"RemNecRO";"1071.0";""
"11028";"PROCESSO MILITAR";"ProcMil";"";"11029,11030,11034,11035,11036,11031,11032,11033,11037,11042,11043,11044,11045,11046,11553,11041,11799,11800,11038,11039,11040"
"11029";"PROCEDIMENTOS ESPECIAIS PREVISTOS EM LEIS ESPARSAS";"PEPLE";"11028.0";"11034,11035,11036"
"11030";"PROCESSO CRIMINAL";"ProcCrim";"11028.0";"11031,11032,11033,11037,11042,11043,11044,11045,11046,11553,11041,11799,11800,11038,11039,11040"
"11031";"Procedimento Especial";"ProcEsp";"11030.0";"11042,11043,11044,11045,11046,11553"
"11032";"Procedimentos Investigatórios";"ProcInv";"11030.0";"11041,11799,11800"
"11033";"Recursos";"Rec";"11030.0";"11038,11039,11040"
"11034";"Conselho de Justificação ";"ConsJust";"11029.0";""
"11035";"Representação p/ Declaração de Indignidade/Incompatibilidade ";"RDII";"11029.0";""
"11036";"Representação p/ Perda da Graduação ";"RPG";"11029.0";""
"11037";"Ação Penal Militar - Procedimento Ordinário";"APMOrd";"11030.0";""
"11038";"Embargos em Ação Penal Militar";"EmbAPM";"11033.0";""
"11039";"Reclamação Militar";"RclMil";"11033.0";""
"11040";"Recurso Inominado Militar";"RecInMil";"11033.0";""
"11041";"Inquérito Policial Militar";"IPM";"11032.0";""
"11042";"Correição Parcial Militar";"CorParMil";"11031.0";""
"11043";"Deserção";"Des";"11031.0";"11045,11046,11553"
"11044";"Insubmissão";"Insub";"11031.0";""
"11045";"Deserção de Oficial";"DesOf";"11043.0";""
"11046";"Deserção de Praça";"DesPr";"11043.0";""
"11099";"PROCEDIMENTOS PRÉ-PROCESSUAIS DE RESOLUÇÃO CONSENSUAL DE CONFLITOS";"PPPRCC";"";"11875,12136,12613"
"11397";"Extinção das obrigações do falido";"ExtObrFal";"62.0";""
"11398";"Recurso em sentido estrito/Recurso ex officio";"RSEExOf";"412.0";""
"11399";"Execução de Medida de Segurança";"ExeMS";"385.0";""
"11400";"Agravo de Instrumento em Recurso Ordinário para o STF";"AIROSTF";"1209.0";""
"11427";"PROCESSO ELEITORAL";"ProEl";"";"11525,11528,11529,11534,11540,11547,11551,11552,12058,12464,12552,11526,11527,12059,12060,12061,12627,11530,11531,11532,11533,11538,11541,12193,12550,12555,12556,12558,12561,12625,12630,12633,11535,11536,11537,11539,12377,12554,12560,12628,12629,12631,12632,11542,11543,11544,11545,11546,12549,12551,12553,12557,12559,12562,11548,11549,11550,12057,12626,12465,12466"
"11525";"Processos Cíveis-Eleitorais";"ProcCivEl";"11427.0";"11526,11527,12059,12060,12061,12627"
"11526";"Ação de Impugnação de Mandato Eletivo";"AIME";"11525.0";""
"11527";"Ação de Investigação Judicial Eleitoral";"AIJE";"11525.0";""
"11528";"Ação Penal Eleitoral";"APEl";"11427.0";""
"11529";"Procedimentos Relativos a Realização de Eleição";"PRRE";"11427.0";"11530,11531,11532,11533,11538,11541,12193,12550,12555,12556,12558,12561,12625,12630,12633"
"11530";"Apuração de Eleição";"AE";"11529.0";""
"11531";"Prestação de Contas";"PC";"11529.0";""
"11532";"Registro de Candidatura";"RCand";"11529.0";""
"11533";"Recurso contra Expedição de Diploma";"RCED";"11529.0";""
"11534";"Procedimentos Relativos a Partidos Políticos";"PRPP";"11427.0";"11535,11536,11537,11539,12377,12554,12560,12628,12629,12631,12632"
"11535";"Cancelamento de Registro de Partido Político";"CRPP";"11534.0";""
"11536";"Propaganda Partidária";"PropPart";"11534.0";""
"11537";"Registro de Órgão de Partido Político em Formação";"ROPPF";"11534.0";""
"11538";"Registro de Comitê Financeiro";"RCF";"11529.0";""
"11539";"Registro de Partido Político";"RPP";"11534.0";""
"11540";"Procedimentos Administrativos da Justiça Eleitoral";"PAdmJEl";"11427.0";"11542,11543,11544,11545,11546,12549,12551,12553,12557,12559,12562"
"11541";"Representação";"Rp";"11529.0";""
"11542";"Correição";"Cor";"11540.0";""
"11543";"Criação de Zona Eleitoral ou Remanejamento";"CZER";"11540.0";""
"11544";"Instrução";"Inst";"11540.0";""
"11545";"Lista Tríplice";"LT";"11540.0";""
"11546";"Revisão de Eleitorado";"RvE";"11540.0";""
"11547";"Recursos Eleitorais";"RsEls";"11427.0";"11548,11549,11550,12057,12626"
"11548";"Recurso Eleitoral";"REl";"11547.0";""
"11549";"Recurso Especial Eleitoral";"REspEl";"11547.0";""
"11550";"Recurso Ordinário Eleitoral";"RO-El";"11547.0";""
"11551";"Consulta";"CtaEl";"11427.0";""
"11552";"Pedido de Desaforamento";"PDEl";"11427.0";""
"11553";"Instrução Provisória de Deserção";"IPDes";"11043.0";""
"11555";"Suspensão de Liminar e de Sentença";"SLS";"62.0";""
"11556";"Suspensão de Segurança Cível";"SSCiv";"62.0";""
"11787";"Assistência Judiciária";"AssJudCrim";"331.0";""
"11788";"Exibição de Documento ou Coisa Criminal";"ExDoCoCrim";"331.0";""
"11789";"Impugnação ao Valor da Causa";"IVCCrim";"331.0";""
"11790";"Impugnação de Assistência Judiciária";"";"331.0";""
"11791";"Pedido de Uniformização de Interpretação de Lei Criminal";"PUILCrim";"331.0";""
"11793";"Produção Antecipada de Provas Criminal";"PAPCrim";"308.0";""
"11794";"Restituição de Coisas Apreendidas Infracional";"ReCoApInfr";"1459.0";""
"11798";"Processo de Aplicação de Medida de Segurança Por Fato Não Criminoso";"ProcApMSegFNC";"285.0";""
"11799";"Instrução Provisória de Insubmissão";"InstProvIns";"11032.0";""
"11800";"Instrução Provisória de Deserção";"InstProvDes";"11032.0";""
"11875";"Reclamação Pré-processual";"RPP";"11099.0";""
"11880";"Recurso Extraordinário com Agravo";"ARE";"1310.0";""
"11881";"Agravo em Recurso Especial";"AgREsp";"5.0";""
"11882";"Recurso de Revista com Agravo";"RRAg";"1071.0";""
"11886";"Recurso Ordinário - Rito Sumaríssimo";"RORSum";"1071.0";""
"11887";"Acompanhamento de Cumprimento de Decisão";"Cumprdec";"1198.0";""
"11888";"Ato Normativo";"Ato";"1198.0";""
"11889";"Nota Técnica";"NT";"1198.0";""
"11890";"Parecer de Mérito sobre Anteprojeto de Lei";"PAM";"1198.0";""
"11891";"Procedimento de Controle Administrativo";"PCA";"1198.0";""
"11892";"Revisão Disciplinar";"RevDis";"1198.0";""
"11893";"Reclamação para Garantia das Decisões";"RGD";"1198.0";""
"11894";" Comissão";"Comissão";"1198.0";""
"11953";"Arguição de Suspeição e de Impedimento";"ArgSusImp";"1198.0";""
"11955";"Cautelar Inominada Criminal";"CauInomCrim";"308.0";""
"11956";"Embargos de Divergência em Agravo em Recurso Especial";"EmbDivARESP";"5.0";""
"11957";"Remição de Pena";"RemPena";"406.0";""
"11976";"Pedido de Busca e Apreensão Infracional";"PedBusApreInfr";"1460.0";""
"12057";"Reexame Necessário Eleitoral";"ReeNec-El";"11547.0";""
"12058";"Suspensão de Segurança";"";"11427.0";""
"12059";"Suspensão de Segurança - Eleitoral";"SS-El";"11525.0";""
"12060";"Exceção";"Exc";"11525.0";""
"12061";"Ação Cautelar";"AC";"11525.0";""
"12070";"Pedido de Medida de Proteção";"PedMedProt";"1386.0";""
"12071";"Procedimentos Cautelares";"ProcCau";"1459.0";"12072,12073,12074,12423,12424"
"12072";"Busca e Apreensão Infracional";"BusApreInfr";"12071.0";""
"12073";"Internação Provisória";"InterProv";"12071.0";""
"12074";"Pedido De Desinternação/Reavaliação/Substituição/Suspensão da Medida";"PedDesReavSubsSus";"12071.0";""
"12075";"Procedimento Conciliatório";"PCon";"215.0";""
"12076";"Restabelecimento do Poder Familiar";"ResPodFam";"1386.0";""
"12077";"Homologação em Acordo de Colaboração Premiada";"HomoAcColPrem";"331.0";""
"12078";"Cumprimento de Sentença contra a Fazenda Pública";"CumSenFaz";"155.0";""
"12079";"Execução de Título Extrajudicial contra a Fazenda Pública";"ExTiExFP";"159.0";""
"12080";"Incidente de Impedimento Cível";"IncImp";"215.0";""
"12081";"Incidente de Suspeição Cível";"IncSus";"215.0";""
"12082";"Carta Arbitral";"CartArb";"257.0";""
"12083";"Tutela Antecipada Antecedente";"TutAntAntec";"175.0";""
"12084";"Tutela Cautelar Antecedente";"TutCautAntec";"175.0";""
"12085";"Incidente de Resolução de Demandas Repetitivas";"IRDR";"215.0";""
"12086";"Dissolução Parcial de Sociedade";"DissParcSocied";"27.0";""
"12087";"Incidente de Assunção de Competência";"IAC";"215.0";""
"12088";"Liquidação Provisória de Sentença pelo Procedimento Comum";"LiqPvSenProcComum";"150.0";""
"12089";"Renovação de Permanência em Estabelecimento Penal Federal";"RPEPF";"406.0";""
"12117";"Suspensão do Incidente de Resolução de Demandas Repetitivas";"SIRDR";"1310.0";""
"12118";"Suspensão em Incidente de Resolução de Demandas Repetitivas";"SIRDR";"5.0";""
"12119";"Incidente de Desconsideração de Personalidade Jurídica";"IDPJ";"215.0";""
"12120";"Agravo em Execução de Medidas Sócio-Educativas";"AgExMSo";"1459.0";""
"12121";"Auto de Prisão";"APri";"277.0";""
"12122";"Reclamação Criminal";"ReclCrim";"292.0";""
"12123";"Roteiro de Pena";"RPen";"406.0";""
"12124";"Roteiro de Pena";"";"406.0";""
"12125";"Progressão de Regime";"ProgRem";"406.0";""
"12126";"Regressão de Regime";"RegRem";"406.0";""
"12127";"Remição";"Rem";"406.0";""
"12128";"Livramento Condicional";"LivCond";"406.0";""
"12129";"Outros Incidentes de Execução Iniciados de Ofício";"OIncExInOf";"406.0";""
"12132";"Incidente de Julgamento de Recurso de Revista e de Embargos Repetitivos";"IncJulgRREmbRep";"1070.0";""
"12133";"Tutela Provisória de Urgência e Tutela Provisória de Evidência";"TutPro";"2.0";"12134,12135"
"12134";"Tutela Cautelar Antecedente";"TutCautAnt";"12133.0";""
"12135";"Tutela Antecipada Antecedente";"TutAntAnt";"12133.0";""
"12136";"Pedido de Mediação Pré-Processual";"PMPP";"11099.0";""
"12137";"Requerimento de Apreensão de Veículo";"ReqAV";"62.0";""
"12138";"Requerimento de Reintegração de Posse";"ReqRP";"62.0";""
"12139";"Contestação em Foro Diverso";"ContForoDiv";"237.0";""
"12153";"Embargos Parciais à Ação Monitória";"EmbParcMonit";"215.0";""
"12154";"Execução de Título Extrajudicial";"ExTiEx";"159.0";""
"12190";"Suspensão Nacional do Incidente de Resolução de Demandas Repetitivas";"SNIRDR";"1310.0";""
"12191";"Tutela Provisória Antecedente";"TPA";"1310.0";""
"12192";"Tutela Provisória Incidental";"TPI";"1310.0";""
"12193";"Prestação de Contas Eleitorais";"PCE";"11529.0";""
"12226";"Notificação";"Notif";"50.0";""
"12227";"Interpelação";"Interp";"50.0";""
"12228";"Protesto";"Protes";"50.0";""
"12229";"Protesto formado a bordo";"PrFoBo";"50.0";""
"12230";"Guarda c/c destituição do poder familiar";"GuaDPF";"1386.0";""
"12231";"Cumprimento de sentença - Lei Arbitral (Lei 9.307/1996)";"CumSenArb";"155.0";""
"12232";"Ação de Partilha";"APart";"214.0";""
"12233";"Tutela Cível";"TutCiv";"50.0";""
"12234";"Curatela";"Cur";"50.0";""
"12246";"Cumprimento de Sentença de Obrigação de Prestar Alimentos";"CumSenAlim";"155.0";""
"12247";"Execução Extrajudicial de Alimentos";"ExeExtAlim";"159.0";""
"12248";"Pedido de Cooperação Jurisdicional";"PCoop";"1198.0";""
"12249";"Suspensão em IRDR";"SusIRDR";"1310.0";""
"12250";"Suspensão em IRDR";"SusIRDR";"5.0";""
"12251";"Execução de Título Judicial - CEJUSC";"ExeJudCEJUSC";"1111.0";""
"12357";"Pedido de Efeito Suspensivo à Apelação";"SuspApel";"237.0";""
"12369";"Tomada de Decisão Apoiada";"TDA";"50.0";""
"12370";"Tomada de Decisão Apoiada";"TDA";"62.0";""
"12371";"Alteração de Regime de Bens";"AlReBe";"50.0";""
"12372";"Divórcio Consensual";"DivCons";"50.0";""
"12373";"Divórcio Litigioso";"DivLit";"50.0";""
"12374";"Homologação da Transação Extrajudicial";"HTE";"50.0";""
"12375";"Reclamação";"Rcl";"27.0";""
"12376";"Regulação de Avaria Grossa";"RegAvGr";"27.0";""
"12377";"Prestação de Contas Anual";"PC-PP";"11534.0";""
"12386";"Incidente de Impedimento Infância e Juventude";"IncImpIJ";"10969.0";""
"12388";"Incidente de Suspeição Infância e Juventude";"IncSusIJ";"10969.0";""
"12389";"Ação de Partilha";"APart";"62.0";""
"12390";"ação de partilha";"";"62.0";""
"12391";"Incidente de Uniformização de Jurisprudência";"IUJ";"1070.0";""
"12394";"Revisão Criminal";"RevCrim";"285.0";""
"12423";"Medidas Protetivas de Urgência (Lei Maria da Penha) Infracional";"MPUMPInfr";"12071.0";""
"12424";"Medidas Protetivas - Estatuto do Idoso Infracional";"MPUEIInfr";"12071.0";""
"12464";"Corregedoria Eleitoral";"";"11427.0";"12465,12466"
"12465";"Petição Corregedoria";"PetCor";"12464.0";""
"12466";"Inquérito Administrativo";"IA";"12464.0";""
"12541";"Divórcio Litigioso";"DivLit";"27.0";""
"12549";"Cancelamento de Inscrição Eleitoral (CIE)";"CIE";"11540.0";""
"12550";"Composição de Mesa Receptora";"CMR";"11529.0";""
"12551";"Descarte de Material";"DM";"11540.0";""
"12552";"Direitos Políticos";"DP";"11427.0";""
"12553";"Duplicidade/Pluralidade de Inscrições - Coincidências";"DPI";"11540.0";""
"12554";"Filiação Partidária";"FP";"11534.0";""
"12555";"Impugnação à Composição de Junta Eleitoral";"ICJE";"11529.0";""
"12556";"Impugnação Perante as Juntas Eleitorais";"IpJE";"11529.0";""
"12557";"Recurso/Impugnação de Alistamento Eleitoral";"RIAE";"11540.0";""
"12558";"Registro de Debates";"RD";"11529.0";""
"12559";"Regularização de Situação do Eleitor";"RSE";"11540.0";""
"12560";"Lista de Apoiamento para Criação de Partido Político";"LAP";"11534.0";""
"12561";"Notícia de Irregularidade em Propaganda Eleitoral";"NIP";"11529.0";""
"12562";"PET-ADM";"PET-ADM";"11540.0";""
"12613";"Pedido de Conciliação Pré-Processual";"PCPP";"11099.0";""
"12625";"Direito de Resposta";"DR";"11529.0";""
"12626";"Agravo em Recurso Especial Eleitoral";"AREspE";"11547.0";""
"12627";"Ação Rescisória Eleitoral";"ARE";"11525.0";""
"12628";"Ação de Justificação de Desfiliação Partidária/Perda de Cargo Eletivo";"";"11534.0";""
"12629";"Pedido de Novas Eleições";"PNE";"11534.0";""
"12630";"Representação Especial";"";"11529.0";""
"12631";"Requerimento de Regularização de Omissão de Prestação de Contas Anual";"RROPCO";"11534.0";""
"12632";"Requerimento de Regularização de Omissão de Prestação de Contas Anual";"";"11534.0";""
"12633";"Requerimento de Regularização de Omissão de Prestação de Contas Eleitorais";"RROPCE";"11529.0";""
"12727";"Execução de Pena de Multa";"";"385.0";""
"12728";"Transferência Entre Estabelecimentos Penais";"TEEP";"385.0";""
"12729";"Execução de Medidas Alternativas";"ExMedAlt";"385.0";""
"12760";"Recurso de Julgamento Parcial ";"RJParc";"1071.0";""
"12761";"Homologação do Penhor Legal";"HomPen";"27.0";""
"12762";"Extinção Consensual de União Estável";"ECUE";"50.0";""
"12763";"Reconhecimento e Extinção de União Estável";"REUE";"27.0";""
"12764";"Separação Contenciosa";"SepCon";"27.0";""
"12775";"Ação Direta de Inconstitucionalidade por Omissão";"";"1310.0";""
"12776";"Arguição de Impedimento";"";"1310.0";""
"12777";"Exceção de Incompetência";"";"1310.0";""
"12778";"Exceção de Litispendência";"";"1310.0";""
"12779";"Proposta de Súmula Vinculante";"";"1310.0";""
"12780";"Admissão de Assistente";"AAs";"1310.0";""
"12781";"Impugnação ao Valor da Causa";"IVC";"1310.0";""
"12782";"Incidente de Falsidade";"IFa";"1310.0";""
"12783";"Oposição";"Ops";"1310.0";""
"12784";"Suspeição de Perito";"SPer";"1310.0";""
"12785";"Embargos à Execução";"EE";"1310.0";""
"12786";"Cumprimento de Sentença";"";"1310.0";"12787"
"12787";"Execução contra a Fazenda Pública";"";"12786.0";""
"12788";"Execução contra a Fazenda Pública";"EFP";"1310.0";""
"12789";"Execução de Pena";"EP";"1310.0";""
"12790";"Extensão";"";"1310.0";""
"12791";"Incidente de Assunção de Competência";"IAC";"1310.0";""
